source_id,product,station_id,period,url,local_path,sha256,size_bytes,http_status,http_last_modified,http_etag,retrieved_at,status,software_version,note
ndbc,stdmet,41008,2023,https://www.ndbc.noaa.gov/data/historical/stdmet/41008h2023.txt.gz,data/raw/ndbc/41008/stdmet/41008h2023.txt.gz,597978066a0d4090e12c70196be19fb75940b7397ede1c7c6abc2d661ef6a511,477232,200,"Tue, 06 Feb 2024 16:38:44 GMT","""74830-610b9362a4d00""",2026-10-02T01:56:47.636269Z,verified,0.1.0.dev0,
ndbc,stdmet,41009,2023,https://www.ndbc.noaa.gov/data/historical/stdmet/41009h2023.txt.gz,data/raw/ndbc/41009/stdmet/41009h2023.txt.gz,55b3b8b3b5129d4b768095e4a49f2b025a995e4b3e27181d89f425e691a68909,710800,200,"Tue, 06 Feb 2024 16:38:44 GMT","""ad890-610b9362a4d00""",2026-10-02T01:56:48.518768Z,verified,0.1.0.dev0,
ndbc,stdmet,41013,2023,https://www.ndbc.noaa.gov/data/historical/stdmet/41013h2023.txt.gz,data/raw/ndbc/41013/stdmet/41013h2023.txt.gz,78bc6713b933f311b7ca4b68fa8b7c76595524fb1c78fbe93a727bd71a013f2b,792329,200,"Tue, 06 Feb 2024 16:38:44 GMT","""c1709-610b9362a4d00""",2026-10-02T01:56:49.755872Z,verified,0.1.0.dev0,
ndbc,stdmet,41025,2023,https://www.ndbc.noaa.gov/data/historical/stdmet/41025h2023.txt.gz,data/raw/ndbc/41025/stdmet/41025h2023.txt.gz,4918245b9cdb73fbb427052c12856420aa2b5b90cf04e22556ea927a00859708,683042,200,"Tue, 06 Feb 2024 16:38:44 GMT","""a6c22-610b9362a4d00""",2026-10-02T01:56:50.748375Z,verified,0.1.0.dev0,
ndbc,stdmet,41108,2023,https://www.ndbc.noaa.gov/data/historical/stdmet/41108h2023.txt.gz,data/raw/ndbc/41108/stdmet/41108h2023.txt.gz,95b80c9235482c11e91ec4c2fe4f671ff9150dc1093ed2a7d8b257031bc963ec,221380,200,"Tue, 06 Feb 2024 16:38:45 GMT","""360c4-610b936398f40""",2026-10-02T01:56:51.611322Z,verified,0.1.0.dev0,
ndbc,stdmet,41110,2023,https://www.ndbc.noaa.gov/data/historical/stdmet/41110h2023.txt.gz,data/raw/ndbc/41110/stdmet/41110h2023.txt.gz,871e25a0158fb9fa7108c77cee911b08a3ba52369e977c8c56e5dc57792ddd71,163279,200,"Tue, 06 Feb 2024 16:38:45 GMT","""27dcf-610b936398f40""",2026-10-02T01:56:52.659933Z,verified,0.1.0.dev0,
ndbc,stdmet,41112,2023,https://www.ndbc.noaa.gov/data/historical/stdmet/41112h2023.txt.gz,data/raw/ndbc/41112/stdmet/41112h2023.txt.gz,3f289a89729c9e140307ebc2dfd7236adb04c9b03d7f7c1faead142317411b1b,219240,200,"Tue, 06 Feb 2024 16:38:45 GMT","""35868-610b936398f40""",2026-10-02T01:56:53.529492Z,verified,0.1.0.dev0,
ndbc,stdmet,41113,2023,https://www.ndbc.noaa.gov/data/historical/stdmet/41113h2023.txt.gz,data/raw/ndbc/41113/stdmet/41113h2023.txt.gz,0a3c8be8dd8ae140a8d25d52b55bc8f09f39116978e429ff84c44dc01006eeb3,177756,200,"Tue, 06 Feb 2024 16:38:45 GMT","""2b65c-610b936398f40""",2026-10-02T01:56:54.508038Z,verified,0.1.0.dev0,
ndbc,stdmet,41114,2023,https://www.ndbc.noaa.gov/data/historical/stdmet/41114h2023.txt.gz,data/raw/ndbc/41114/stdmet/41114h2023.txt.gz,0f9caab2b676333d4f40c26b0063f78654176d427c8c27d2ddcf12268fffbe91,169756,200,"Tue, 06 Feb 2024 16:38:45 GMT","""2971c-610b936398f40""",2026-10-02T01:56:55.530170Z,verified,0.1.0.dev0,
ndbc,stdmet,41115,2023,https://www.ndbc.noaa.gov/data/historical/stdmet/41115h2023.txt.gz,data/raw/ndbc/41115/stdmet/41115h2023.txt.gz,1467196e1976b67885fe268cb52848f975b75d533342184723765a5a99b9d716,175214,200,"Tue, 06 Feb 2024 16:38:45 GMT","""2ac6e-610b936398f40""",2026-10-02T01:56:56.526178Z,verified,0.1.0.dev0,
ndbc,stdmet,41117,2023,https://www.ndbc.noaa.gov/data/historical/stdmet/41117h2023.txt.gz,data/raw/ndbc/41117/stdmet/41117h2023.txt.gz,2e841b3e5856ccc2d77115c2606b65f16b5db71e525eb8d9a3b4db160e9f30a4,211367,200,"Tue, 06 Feb 2024 16:38:45 GMT","""339a7-610b936398f40""",2026-10-02T01:56:57.528619Z,verified,0.1.0.dev0,
ndbc,stdmet,41120,2023,https://www.ndbc.noaa.gov/data/historical/stdmet/41120h2023.txt.gz,data/raw/ndbc/41120/stdmet/41120h2023.txt.gz,afc7ad6025d73f9d82a394a49576b3822797df10d352873b0bb6d96f94bc8d38,196133,200,"Tue, 06 Feb 2024 16:38:45 GMT","""2fe25-610b936398f40""",2026-10-02T01:56:58.664076Z,verified,0.1.0.dev0,
ndbc,stdmet,41121,2023,https://www.ndbc.noaa.gov/data/historical/stdmet/41121h2023.txt.gz,data/raw/ndbc/41121/stdmet/41121h2023.txt.gz,624ca2bbafdacf787b4ed3bee281f21dbcb4f303847592f2d58478d4c6bf25a7,117469,200,"Tue, 06 Feb 2024 16:38:45 GMT","""1cadd-610b936398f40""",2026-10-02T01:56:59.526133Z,verified,0.1.0.dev0,
ndbc,stdmet,41159,2023,https://www.ndbc.noaa.gov/data/historical/stdmet/41159h2023.txt.gz,data/raw/ndbc/41159/stdmet/41159h2023.txt.gz,136fa36ac6b493991a0f43978fb629fe9510d6038113c5ef56bd6a3f98d5a651,188809,200,"Tue, 06 Feb 2024 16:38:45 GMT","""2e189-610b936398f40""",2026-10-02T01:57:00.658822Z,verified,0.1.0.dev0,
ndbc,stdmet,44005,2023,https://www.ndbc.noaa.gov/data/historical/stdmet/44005h2023.txt.gz,data/raw/ndbc/44005/stdmet/44005h2023.txt.gz,20c0c75f685d85d1db61d54974f535a4300995e7183b52545f2ddeb5690a2a2e,510055,200,"Tue, 06 Feb 2024 16:38:45 GMT","""7c867-610b936398f40""",2026-10-02T01:57:01.547035Z,verified,0.1.0.dev0,
ndbc,stdmet,44007,2023,https://www.ndbc.noaa.gov/data/historical/stdmet/44007h2023.txt.gz,data/raw/ndbc/44007/stdmet/44007h2023.txt.gz,cfe7ca9c55ee8af00e65ef2254061c5481613eee3256ae3649af51c5cdf9bac5,810833,200,"Tue, 06 Feb 2024 16:38:45 GMT","""c5f51-610b936398f40""",2026-10-02T01:57:02.536254Z,verified,0.1.0.dev0,
ndbc,stdmet,44009,2023,https://www.ndbc.noaa.gov/data/historical/stdmet/44009h2023.txt.gz,data/raw/ndbc/44009/stdmet/44009h2023.txt.gz,ee9a83a4cc563dc33338d46cf113e5d9f01a6e2cae93989b3b3de94156c6cc99,720602,200,"Tue, 06 Feb 2024 16:38:45 GMT","""afeda-610b936398f40""",2026-10-02T01:57:03.647427Z,verified,0.1.0.dev0,
ndbc,stdmet,44013,2023,https://www.ndbc.noaa.gov/data/historical/stdmet/44013h2023.txt.gz,data/raw/ndbc/44013/stdmet/44013h2023.txt.gz,fb7ce1cc21b4dc718ec6500eacb7ad5153ec0b4a50434ae1cfb1815e12c68cd8,643416,200,"Tue, 06 Feb 2024 16:38:45 GMT","""9d158-610b936398f40""",2026-10-02T01:57:04.531249Z,verified,0.1.0.dev0,
ndbc,stdmet,44014,2023,https://www.ndbc.noaa.gov/data/historical/stdmet/44014h2023.txt.gz,data/raw/ndbc/44014/stdmet/44014h2023.txt.gz,335e89308758e891b7463fbc2872823273b32e2a283b46bad9bff345ee1651be,436756,200,"Tue, 06 Feb 2024 16:38:45 GMT","""6aa14-610b936398f40""",2026-10-02T01:57:05.631471Z,verified,0.1.0.dev0,
ndbc,stdmet,44017,2023,https://www.ndbc.noaa.gov/data/historical/stdmet/44017h2023.txt.gz,data/raw/ndbc/44017/stdmet/44017h2023.txt.gz,bafc08e6494558be39425b4c5074d96dc1e9a46828982b8673abdc350227807a,44723,200,"Tue, 06 Feb 2024 16:34:01 GMT","""aeb3-610b9254c1040""",2026-10-02T01:57:06.524518Z,verified,0.1.0.dev0,
ndbc,stdmet,44018,2023,https://www.ndbc.noaa.gov/data/historical/stdmet/44018h2023.txt.gz,data/raw/ndbc/44018/stdmet/44018h2023.txt.gz,e70c99666ba288324afd2aa6b7abab9c0055f99ca2cf514b0ebcc7557f839a1b,804522,200,"Tue, 06 Feb 2024 16:38:45 GMT","""c46aa-610b936398f40""",2026-10-02T01:57:07.534515Z,verified,0.1.0.dev0,
ndbc,stdmet,44020,2023,https://www.ndbc.noaa.gov/data/historical/stdmet/44020h2023.txt.gz,data/raw/ndbc/44020/stdmet/44020h2023.txt.gz,fcc12f520ec721ca781bfd34d6e910283f8c5dbe405dcfb368eda594227a6fb8,746146,200,"Tue, 06 Feb 2024 16:38:45 GMT","""b62a2-610b936398f40""",2026-10-02T01:57:08.589293Z,verified,0.1.0.dev0,
ndbc,stdmet,44025,2023,https://www.ndbc.noaa.gov/data/historical/stdmet/44025h2023.txt.gz,data/raw/ndbc/44025/stdmet/44025h2023.txt.gz,f3cf85db2a0de9e7dbb08d46972474a9da10514da1ed7363d63d856bdfc741f6,495648,200,"Tue, 06 Feb 2024 16:38:45 GMT","""79020-610b936398f40""",2026-10-02T01:57:09.510914Z,verified,0.1.0.dev0,
ndbc,stdmet,44065,2023,https://www.ndbc.noaa.gov/data/historical/stdmet/44065h2023.txt.gz,data/raw/ndbc/44065/stdmet/44065h2023.txt.gz,15c7e91daaaf10ec0c397b7c20a51a07c67af9da92bf9e8d1716768871a7c534,605618,200,"Tue, 06 Feb 2024 16:38:46 GMT","""93db2-610b93648d180""",2026-10-02T01:57:10.644124Z,verified,0.1.0.dev0,
ndbc,stdmet,44066,2023,https://www.ndbc.noaa.gov/data/historical/stdmet/44066h2023.txt.gz,data/raw/ndbc/44066/stdmet/44066h2023.txt.gz,8c86d7b6236acb7e66902202cdd4c4673b3b9d3b87fde0ff13a91b419f5ab0ff,533417,200,"Tue, 06 Feb 2024 16:37:30 GMT","""823a9-610b931c12680""",2026-10-02T01:57:11.584308Z,verified,0.1.0.dev0,
ndbc,stdmet,44084,2023,https://www.ndbc.noaa.gov/data/historical/stdmet/44084h2023.txt.gz,data/raw/ndbc/44084/stdmet/44084h2023.txt.gz,b90a5022332ec4be3640a7f683147fbb15fdb5dbb23354edc9d55ed295e0b810,187421,200,"Tue, 06 Feb 2024 16:38:46 GMT","""2dc1d-610b93648d180""",2026-10-02T01:57:12.526934Z,verified,0.1.0.dev0,
ndbc,stdmet,44085,2023,https://www.ndbc.noaa.gov/data/historical/stdmet/44085h2023.txt.gz,data/raw/ndbc/44085/stdmet/44085h2023.txt.gz,e7eaf15c527ec3e026e874b3132e10ec7e3d3e46a2f61b18ccb2066053158bba,202400,200,"Tue, 06 Feb 2024 16:38:46 GMT","""316a0-610b93648d180""",2026-10-02T01:57:13.600775Z,verified,0.1.0.dev0,
ndbc,stdmet,44086,2023,https://www.ndbc.noaa.gov/data/historical/stdmet/44086h2023.txt.gz,data/raw/ndbc/44086/stdmet/44086h2023.txt.gz,a2eb7c25a83ecdc6c2cc0ccf45e18bf224edad9324e5eebbb5e0ad540fa1e494,191035,200,"Tue, 06 Feb 2024 16:38:46 GMT","""2ea3b-610b93648d180""",2026-10-02T01:57:14.672788Z,verified,0.1.0.dev0,
ndbc,stdmet,44087,2023,https://www.ndbc.noaa.gov/data/historical/stdmet/44087h2023.txt.gz,data/raw/ndbc/44087/stdmet/44087h2023.txt.gz,26157d35f9744e2922a3a4d3bd2ef241fbd39d50e64dc735b4d012a25b27d47b,164723,200,"Tue, 06 Feb 2024 16:38:46 GMT","""28373-610b93648d180""",2026-10-02T01:57:15.526465Z,verified,0.1.0.dev0,
ndbc,stdmet,44088,2023,https://www.ndbc.noaa.gov/data/historical/stdmet/44088h2023.txt.gz,data/raw/ndbc/44088/stdmet/44088h2023.txt.gz,4c1767f7906ca731ed0718fd85379cc8ccc2b553c2a230b10204ffdcc7746a7e,221645,200,"Tue, 06 Feb 2024 16:38:46 GMT","""361cd-610b93648d180""",2026-10-02T01:57:16.655699Z,verified,0.1.0.dev0,
ndbc,stdmet,44089,2023,https://www.ndbc.noaa.gov/data/historical/stdmet/44089h2023.txt.gz,data/raw/ndbc/44089/stdmet/44089h2023.txt.gz,ada2d1fa72bcff3979573ba1a84c279d9933c2951dc0927ea90c035052d6bf83,183939,200,"Tue, 06 Feb 2024 16:38:46 GMT","""2ce83-610b93648d180""",2026-10-02T01:57:17.527936Z,verified,0.1.0.dev0,
ndbc,stdmet,44090,2023,https://www.ndbc.noaa.gov/data/historical/stdmet/44090h2023.txt.gz,data/raw/ndbc/44090/stdmet/44090h2023.txt.gz,9316af1ff2c77808ccfb7e5b19a4ade78bce76222ce539f5fdd9ee59f842e0a8,204150,200,"Tue, 06 Feb 2024 16:38:46 GMT","""31d76-610b93648d180""",2026-10-02T01:57:18.539821Z,verified,0.1.0.dev0,
ndbc,stdmet,44091,2023,https://www.ndbc.noaa.gov/data/historical/stdmet/44091h2023.txt.gz,data/raw/ndbc/44091/stdmet/44091h2023.txt.gz,e1475876d572c09960d30314c7b7deefc3d908ea295cd4a8f3362d70025a989a,188490,200,"Tue, 06 Feb 2024 16:38:46 GMT","""2e04a-610b93648d180""",2026-10-02T01:57:19.527195Z,verified,0.1.0.dev0,
ndbc,stdmet,44095,2023,https://www.ndbc.noaa.gov/data/historical/stdmet/44095h2023.txt.gz,data/raw/ndbc/44095/stdmet/44095h2023.txt.gz,23449754d0f29d9e5a469dc568772671f66bc0adf22b23d303b9605021b63ce3,192584,200,"Tue, 06 Feb 2024 16:38:46 GMT","""2f048-610b93648d180""",2026-10-02T01:57:20.664058Z,verified,0.1.0.dev0,
ndbc,stdmet,44097,2023,https://www.ndbc.noaa.gov/data/historical/stdmet/44097h2023.txt.gz,data/raw/ndbc/44097/stdmet/44097h2023.txt.gz,a92b9e1d2d1ae5095e9ab5673fe0f08f8cb473b61a6ba6bb8edba79849923a6f,188825,200,"Tue, 06 Feb 2024 16:38:46 GMT","""2e199-610b93648d180""",2026-10-02T01:57:21.506199Z,verified,0.1.0.dev0,
ndbc,stdmet,44098,2023,https://www.ndbc.noaa.gov/data/historical/stdmet/44098h2023.txt.gz,data/raw/ndbc/44098/stdmet/44098h2023.txt.gz,83d00d24f45115e985ef4e02cb336ee8895143d0475c646cf5293310ad57e50a,191549,200,"Tue, 06 Feb 2024 16:38:46 GMT","""2ec3d-610b93648d180""",2026-10-02T01:57:22.527838Z,verified,0.1.0.dev0,
ndbc,stdmet,44099,2023,https://www.ndbc.noaa.gov/data/historical/stdmet/44099h2023.txt.gz,data/raw/ndbc/44099/stdmet/44099h2023.txt.gz,9b1cec1d349de0c20f44872c81e87966215ed548d1207bcbc2af6d493ce87c56,190961,200,"Tue, 06 Feb 2024 16:38:46 GMT","""2e9f1-610b93648d180""",2026-10-02T01:57:23.528265Z,verified,0.1.0.dev0,
ndbc,stdmet,44100,2023,https://www.ndbc.noaa.gov/data/historical/stdmet/44100h2023.txt.gz,data/raw/ndbc/44100/stdmet/44100h2023.txt.gz,512de857177718408f892198833a6a14e2882ec987b560f653f778ff3999044e,195689,200,"Tue, 06 Feb 2024 16:38:46 GMT","""2fc69-610b93648d180""",2026-10-02T01:57:24.663372Z,verified,0.1.0.dev0,
ndbc,stdmet,45004,2023,https://www.ndbc.noaa.gov/data/historical/stdmet/45004h2023.txt.gz,data/raw/ndbc/45004/stdmet/45004h2023.txt.gz,317757ec9ccb794f24ef1bc0900fd5c5af128cd6f170da5b8bbfd8cffc865a1e,433300,200,"Tue, 06 Feb 2024 16:38:29 GMT","""69c94-610b935456b40""",2026-10-02T01:57:25.576841Z,verified,0.1.0.dev0,
ndbc,stdmet,45211,2023,https://www.ndbc.noaa.gov/data/historical/stdmet/45211h2023.txt.gz,data/raw/ndbc/45211/stdmet/45211h2023.txt.gz,5d34634150fd1f027cba9227a46ff6028d484b2e331f13002115c91bb6c6323b,49455,200,"Tue, 06 Feb 2024 16:37:33 GMT","""c12f-610b931eeed40""",2026-10-02T01:57:26.529455Z,verified,0.1.0.dev0,
ndbc,stdmet,46011,2023,https://www.ndbc.noaa.gov/data/historical/stdmet/46011h2023.txt.gz,data/raw/ndbc/46011/stdmet/46011h2023.txt.gz,ad838e5bb3318df6c516ae0b6a14ee3bd39cd7f81c8ea5ba1f49b4d10e7867f5,595558,200,"Tue, 06 Feb 2024 16:38:46 GMT","""91666-610b93648d180""",2026-10-02T01:57:27.558266Z,verified,0.1.0.dev0,
ndbc,stdmet,46012,2023,https://www.ndbc.noaa.gov/data/historical/stdmet/46012h2023.txt.gz,data/raw/ndbc/46012/stdmet/46012h2023.txt.gz,0c0c6ae8e2afca9d9f2917f7409a3ec7db531dd7ef72a722161c7336a451f79c,77033,200,"Tue, 06 Feb 2024 16:34:23 GMT","""12ce9-610b9269bc1c0""",2026-10-02T01:57:28.535269Z,verified,0.1.0.dev0,
ndbc,stdmet,46013,2023,https://www.ndbc.noaa.gov/data/historical/stdmet/46013h2023.txt.gz,data/raw/ndbc/46013/stdmet/46013h2023.txt.gz,1ee3fb23d074c210fc34e60633f9e8b8f3324a1c2c049baba64282c1b7fb2391,707171,200,"Tue, 06 Feb 2024 16:38:46 GMT","""aca63-610b93648d180""",2026-10-02T01:57:29.536428Z,verified,0.1.0.dev0,
ndbc,stdmet,46022,2023,https://www.ndbc.noaa.gov/data/historical/stdmet/46022h2023.txt.gz,data/raw/ndbc/46022/stdmet/46022h2023.txt.gz,765d68a7a940edb02ec4df4fb1113429f0d567637743324a0117b65bcf783f2f,190252,200,"Tue, 06 Feb 2024 16:38:46 GMT","""2e72c-610b93648d180""",2026-10-02T01:57:30.530433Z,verified,0.1.0.dev0,
ndbc,stdmet,46025,2023,https://www.ndbc.noaa.gov/data/historical/stdmet/46025h2023.txt.gz,data/raw/ndbc/46025/stdmet/46025h2023.txt.gz,5f25c9bce35186aa0ee4544db11c4ffc1b7feea88af1fe87926bdc664842ad86,767775,200,"Tue, 06 Feb 2024 16:38:46 GMT","""bb71f-610b93648d180""",2026-10-02T01:57:31.547352Z,verified,0.1.0.dev0,
ndbc,stdmet,46026,2023,https://www.ndbc.noaa.gov/data/historical/stdmet/46026h2023.txt.gz,data/raw/ndbc/46026/stdmet/46026h2023.txt.gz,26b955b6d1b5df9606db3b4ca885f169b55281d2530b405f162db96521fa3518,646259,200,"Tue, 06 Feb 2024 16:38:46 GMT","""9dc73-610b93648d180""",2026-10-02T01:57:32.535157Z,verified,0.1.0.dev0,
ndbc,stdmet,46028,2023,https://www.ndbc.noaa.gov/data/historical/stdmet/46028h2023.txt.gz,data/raw/ndbc/46028/stdmet/46028h2023.txt.gz,9b1a993a8496fc211449070effeccb272651499af0c75861e3c4ef818600b1ad,706675,200,"Tue, 06 Feb 2024 16:38:46 GMT","""ac873-610b93648d180""",2026-10-02T01:57:33.541864Z,verified,0.1.0.dev0,
ndbc,stdmet,46029,2023,https://www.ndbc.noaa.gov/data/historical/stdmet/46029h2023.txt.gz,data/raw/ndbc/46029/stdmet/46029h2023.txt.gz,99ce41871e0631940ffe729ff8034d99f4f2f349aa875933a7605381e6d0db65,633688,200,"Tue, 06 Feb 2024 16:38:30 GMT","""9ab58-610b93554ad80""",2026-10-02T01:57:34.550727Z,verified,0.1.0.dev0,
ndbc,stdmet,46041,2023,https://www.ndbc.noaa.gov/data/historical/stdmet/46041h2023.txt.gz,data/raw/ndbc/46041/stdmet/46041h2023.txt.gz,5b71ea503d882f97424b8dd9078a8ea66795453863012cfff3e98502aa76966a,770646,200,"Tue, 06 Feb 2024 16:38:46 GMT","""bc256-610b93648d180""",2026-10-02T01:57:35.513632Z,verified,0.1.0.dev0,
ndbc,stdmet,46042,2023,https://www.ndbc.noaa.gov/data/historical/stdmet/46042h2023.txt.gz,data/raw/ndbc/46042/stdmet/46042h2023.txt.gz,807a66353389c5acf74bdeeff2621d07ae46a190cdaa08f62f5306b8f5be63ab,611494,200,"Tue, 06 Feb 2024 16:38:30 GMT","""954a6-610b93554ad80""",2026-10-02T01:57:36.543184Z,verified,0.1.0.dev0,
ndbc,stdmet,46047,2023,https://www.ndbc.noaa.gov/data/historical/stdmet/46047h2023.txt.gz,data/raw/ndbc/46047/stdmet/46047h2023.txt.gz,6b62aa8ac616a0614eca8fb9fc29b9057981a52816ac1c2cb25a016dd6ad3b30,711782,200,"Tue, 06 Feb 2024 16:38:46 GMT","""adc66-610b93648d180""",2026-10-02T01:57:37.512842Z,verified,0.1.0.dev0,
ndbc,stdmet,46053,2023,https://www.ndbc.noaa.gov/data/historical/stdmet/46053h2023.txt.gz,data/raw/ndbc/46053/stdmet/46053h2023.txt.gz,3db6aa0b4aa72c10bdd037037a2ab72015b19872e1463b6f280873653f9003bd,736531,200,"Tue, 06 Feb 2024 16:38:46 GMT","""b3d13-610b93648d180""",2026-10-02T01:57:38.543445Z,verified,0.1.0.dev0,
ndbc,stdmet,46054,2023,https://www.ndbc.noaa.gov/data/historical/stdmet/46054h2023.txt.gz,data/raw/ndbc/46054/stdmet/46054h2023.txt.gz,5e24d1ca7576f395b0e431591ed8605842988a67d4fddcf6b6ebe6abc3e87c91,713165,200,"Tue, 06 Feb 2024 16:38:46 GMT","""ae1cd-610b93648d180""",2026-10-02T01:57:39.542704Z,verified,0.1.0.dev0,
ndbc,stdmet,46060,2023,https://www.ndbc.noaa.gov/data/historical/stdmet/46060h2023.txt.gz,data/raw/ndbc/46060/stdmet/46060h2023.txt.gz,c6dd1471c18eabebdfd80b2eaac7da97a47e5c5855eef2f598e429bfeb52032a,109127,200,"Tue, 06 Feb 2024 16:38:46 GMT","""1aa47-610b93648d180""",2026-10-02T01:57:40.530450Z,verified,0.1.0.dev0,
ndbc,stdmet,46061,2023,https://www.ndbc.noaa.gov/data/historical/stdmet/46061h2023.txt.gz,data/raw/ndbc/46061/stdmet/46061h2023.txt.gz,71e0771ad4f427ddecba0ac98647e9e903a4c49f14d69c2189c3629a375448d6,130961,200,"Tue, 06 Feb 2024 16:37:55 GMT","""1ff91-610b9333e9ec0""",2026-10-02T01:57:41.534515Z,verified,0.1.0.dev0,
ndbc,stdmet,46069,2023,https://www.ndbc.noaa.gov/data/historical/stdmet/46069h2023.txt.gz,data/raw/ndbc/46069/stdmet/46069h2023.txt.gz,1dd0c3fb052d6c5b0b3c6a43d658c2fed35177ea9f55fdb429420e4734a1f006,740164,200,"Tue, 06 Feb 2024 16:38:46 GMT","""b4b44-610b93648d180""",2026-10-02T01:57:42.537623Z,verified,0.1.0.dev0,
ndbc,stdmet,46081,2023,https://www.ndbc.noaa.gov/data/historical/stdmet/46081h2023.txt.gz,data/raw/ndbc/46081/stdmet/46081h2023.txt.gz,c2587de7a36ba3f831f482b06d3d2c905f3640f37db45fdd4e3fe5f7877c9b6f,157340,200,"Tue, 06 Feb 2024 16:38:46 GMT","""2669c-610b93648d180""",2026-10-02T01:57:43.539688Z,verified,0.1.0.dev0,
ndbc,stdmet,46086,2023,https://www.ndbc.noaa.gov/data/historical/stdmet/46086h2023.txt.gz,data/raw/ndbc/46086/stdmet/46086h2023.txt.gz,1bf405ae512a7522ad3a216aac526068a265cb729a91732c6c023e2935f63d56,742838,200,"Tue, 06 Feb 2024 16:38:47 GMT","""b55b6-610b9365813c0""",2026-10-02T01:57:44.540565Z,verified,0.1.0.dev0,
ndbc,stdmet,46087,2023,https://www.ndbc.noaa.gov/data/historical/stdmet/46087h2023.txt.gz,data/raw/ndbc/46087/stdmet/46087h2023.txt.gz,2dd917280e8d1867c2c5f92edfd14de56d6d7cac239835fec8c4ad185109673b,716822,200,"Tue, 06 Feb 2024 16:38:47 GMT","""af016-610b9365813c0""",2026-10-02T01:57:45.521377Z,verified,0.1.0.dev0,
ndbc,stdmet,46088,2023,https://www.ndbc.noaa.gov/data/historical/stdmet/46088h2023.txt.gz,data/raw/ndbc/46088/stdmet/46088h2023.txt.gz,a0e0bb7fe11bdd854e90dbd958b53ce68d9c90d1891688ce1d15d4de522bdee2,765938,200,"Tue, 06 Feb 2024 16:38:47 GMT","""baff2-610b9365813c0""",2026-10-02T01:57:46.827681Z,verified,0.1.0.dev0,
ndbc,stdmet,46089,2023,https://www.ndbc.noaa.gov/data/historical/stdmet/46089h2023.txt.gz,data/raw/ndbc/46089/stdmet/46089h2023.txt.gz,2a5e0ba91e2054f8121fc17e9ad3dcc0ce92148695536e9c64b524edb8b74052,622387,200,"Tue, 06 Feb 2024 16:38:47 GMT","""97f33-610b9365813c0""",2026-10-02T01:57:47.538075Z,verified,0.1.0.dev0,
ndbc,stdmet,46211,2023,https://www.ndbc.noaa.gov/data/historical/stdmet/46211h2023.txt.gz,data/raw/ndbc/46211/stdmet/46211h2023.txt.gz,5abd0465bdef81d7ddfe7bc5388e4c399c86aa4b5b3d4897b649184f0b3eaf4b,191258,200,"Tue, 06 Feb 2024 16:38:47 GMT","""2eb1a-610b9365813c0""",2026-10-02T01:57:48.556754Z,verified,0.1.0.dev0,
ndbc,stdmet,46213,2023,https://www.ndbc.noaa.gov/data/historical/stdmet/46213h2023.txt.gz,data/raw/ndbc/46213/stdmet/46213h2023.txt.gz,8801fc29ef84a2652bddcea3c14394a150e2458e802d925fa90f6a344b047656,176551,200,"Tue, 06 Feb 2024 16:38:47 GMT","""2b1a7-610b9365813c0""",2026-10-02T01:57:49.530660Z,verified,0.1.0.dev0,
ndbc,stdmet,46214,2023,https://www.ndbc.noaa.gov/data/historical/stdmet/46214h2023.txt.gz,data/raw/ndbc/46214/stdmet/46214h2023.txt.gz,f95c37d103b14b229668163478885d933763890f45e9b0db009619ede513ec62,188398,200,"Tue, 06 Feb 2024 16:38:47 GMT","""2dfee-610b9365813c0""",2026-10-02T01:57:50.607612Z,verified,0.1.0.dev0,
ndbc,stdmet,46215,2023,https://www.ndbc.noaa.gov/data/historical/stdmet/46215h2023.txt.gz,data/raw/ndbc/46215/stdmet/46215h2023.txt.gz,9e7a3e84b3355758fc2b01a88d2f185149f63e5fd18dce3cda5274ea93dfb682,194630,200,"Tue, 06 Feb 2024 16:38:47 GMT","""2f846-610b9365813c0""",2026-10-02T01:57:51.585340Z,verified,0.1.0.dev0,
ndbc,stdmet,46218,2023,https://www.ndbc.noaa.gov/data/historical/stdmet/46218h2023.txt.gz,data/raw/ndbc/46218/stdmet/46218h2023.txt.gz,059ee2626389b97e0f8942c8940a067984f8babd713d945efbe37e6ad3cb81ec,188014,200,"Tue, 06 Feb 2024 16:38:47 GMT","""2de6e-610b9365813c0""",2026-10-02T01:57:52.538057Z,verified,0.1.0.dev0,
ndbc,stdmet,46219,2023,https://www.ndbc.noaa.gov/data/historical/stdmet/46219h2023.txt.gz,data/raw/ndbc/46219/stdmet/46219h2023.txt.gz,e854f8ba6034caafa84c09bc24a5e3f60f5ff07cc9cdba4adc1668ab18008e0a,186483,200,"Tue, 06 Feb 2024 16:38:47 GMT","""2d873-610b9365813c0""",2026-10-02T01:57:53.506653Z,verified,0.1.0.dev0,
ndbc,stdmet,46221,2023,https://www.ndbc.noaa.gov/data/historical/stdmet/46221h2023.txt.gz,data/raw/ndbc/46221/stdmet/46221h2023.txt.gz,010355f004ec355b2782e8f9d7d45d6f40963d6df2653d13fe02f39716e42251,185964,200,"Tue, 06 Feb 2024 16:38:47 GMT","""2d66c-610b9365813c0""",2026-10-02T01:57:54.538700Z,verified,0.1.0.dev0,
ndbc,stdmet,46222,2023,https://www.ndbc.noaa.gov/data/historical/stdmet/46222h2023.txt.gz,data/raw/ndbc/46222/stdmet/46222h2023.txt.gz,f5a458863587b4dc55120a6d980b5c4d9904219f6d2c6f6c4394a123a9d5a9e0,183840,200,"Tue, 06 Feb 2024 16:38:47 GMT","""2ce20-610b9365813c0""",2026-10-02T01:57:55.560403Z,verified,0.1.0.dev0,
ndbc,stdmet,46224,2023,https://www.ndbc.noaa.gov/data/historical/stdmet/46224h2023.txt.gz,data/raw/ndbc/46224/stdmet/46224h2023.txt.gz,fe62b75192e0f425794aaacbdaf2012601b28ebb128d50d8bfea768b551f1274,183923,200,"Tue, 06 Feb 2024 16:38:47 GMT","""2ce73-610b9365813c0""",2026-10-02T01:57:56.553271Z,verified,0.1.0.dev0,
ndbc,stdmet,46225,2023,https://www.ndbc.noaa.gov/data/historical/stdmet/46225h2023.txt.gz,data/raw/ndbc/46225/stdmet/46225h2023.txt.gz,8501b277f4c6b606b101614c9c56d20dcfbed02bcd0f77d43fc9c2cbcfa0acbf,183424,200,"Tue, 06 Feb 2024 16:38:47 GMT","""2cc80-610b9365813c0""",2026-10-02T01:57:57.534973Z,verified,0.1.0.dev0,
ndbc,stdmet,46232,2023,https://www.ndbc.noaa.gov/data/historical/stdmet/46232h2023.txt.gz,data/raw/ndbc/46232/stdmet/46232h2023.txt.gz,5d50bdff04d7929545426a52a70e927027251ba7950a215afd449f4f78c741dd,177828,200,"Tue, 06 Feb 2024 16:38:47 GMT","""2b6a4-610b9365813c0""",2026-10-02T01:57:58.607703Z,verified,0.1.0.dev0,
ndbc,stdmet,46235,2023,https://www.ndbc.noaa.gov/data/historical/stdmet/46235h2023.txt.gz,data/raw/ndbc/46235/stdmet/46235h2023.txt.gz,2554b0475ef8b40e924250217bcbfc1337b831861a3d1f05286abab5de11e85a,181780,200,"Tue, 06 Feb 2024 16:38:47 GMT","""2c614-610b9365813c0""",2026-10-02T01:57:59.612012Z,verified,0.1.0.dev0,
ndbc,stdmet,46237,2023,https://www.ndbc.noaa.gov/data/historical/stdmet/46237h2023.txt.gz,data/raw/ndbc/46237/stdmet/46237h2023.txt.gz,bee494e9d04428a46e05313a93cb3a0ec3ff0e46e0df28d001ef62acf5a0a416,208203,200,"Tue, 06 Feb 2024 16:38:47 GMT","""32d4b-610b9365813c0""",2026-10-02T01:58:00.540909Z,verified,0.1.0.dev0,
ndbc,stdmet,46239,2023,https://www.ndbc.noaa.gov/data/historical/stdmet/46239h2023.txt.gz,data/raw/ndbc/46239/stdmet/46239h2023.txt.gz,23bd5e0111ebcaa4d2600fa24bfc5a8f285a91079dccc60283e6433284835103,195259,200,"Tue, 06 Feb 2024 16:38:47 GMT","""2fabb-610b9365813c0""",2026-10-02T01:58:01.513066Z,verified,0.1.0.dev0,
ndbc,stdmet,46243,2023,https://www.ndbc.noaa.gov/data/historical/stdmet/46243h2023.txt.gz,data/raw/ndbc/46243/stdmet/46243h2023.txt.gz,c61f984278ff1c9e95dea24849a000620ab8d49427f70f5546fbc10d93d20204,197852,200,"Tue, 06 Feb 2024 16:38:47 GMT","""304dc-610b9365813c0""",2026-10-02T01:58:02.537517Z,verified,0.1.0.dev0,
ndbc,stdmet,46244,2023,https://www.ndbc.noaa.gov/data/historical/stdmet/46244h2023.txt.gz,data/raw/ndbc/46244/stdmet/46244h2023.txt.gz,59f0dea415b5a2c27380d1d132f28c7fc338d681ed06efa5047e1010dc48ab07,193650,200,"Tue, 06 Feb 2024 16:38:47 GMT","""2f472-610b9365813c0""",2026-10-02T01:58:03.535085Z,verified,0.1.0.dev0,
ndbc,stdmet,46248,2023,https://www.ndbc.noaa.gov/data/historical/stdmet/46248h2023.txt.gz,data/raw/ndbc/46248/stdmet/46248h2023.txt.gz,cc3a4946e9854b014bc3c101d27631a2d855206cd69a10177d538bd55eb94dbf,171945,200,"Tue, 06 Feb 2024 16:38:47 GMT","""29fa9-610b9365813c0""",2026-10-02T01:58:04.604384Z,verified,0.1.0.dev0,
ndbc,stdmet,46251,2023,https://www.ndbc.noaa.gov/data/historical/stdmet/46251h2023.txt.gz,data/raw/ndbc/46251/stdmet/46251h2023.txt.gz,67501b373d04609f3a43cfc56193e8bc00d3cef6476d3c14626fa7d831151459,190075,200,"Tue, 06 Feb 2024 16:38:47 GMT","""2e67b-610b9365813c0""",2026-10-02T01:58:05.540023Z,verified,0.1.0.dev0,
ndbc,stdmet,46253,2023,https://www.ndbc.noaa.gov/data/historical/stdmet/46253h2023.txt.gz,data/raw/ndbc/46253/stdmet/46253h2023.txt.gz,45afc0f11b75f482754fe6d44297f39ce855bf7b98421b69ac189fc27ec30e04,187207,200,"Tue, 06 Feb 2024 16:38:47 GMT","""2db47-610b9365813c0""",2026-10-02T01:58:06.531075Z,verified,0.1.0.dev0,
ndbc,stdmet,46254,2023,https://www.ndbc.noaa.gov/data/historical/stdmet/46254h2023.txt.gz,data/raw/ndbc/46254/stdmet/46254h2023.txt.gz,1c6698fca9fa2f8e0562de50bd4974155e46f368cb6c5460c55b810405891489,174804,200,"Tue, 06 Feb 2024 16:38:47 GMT","""2aad4-610b9365813c0""",2026-10-02T01:58:07.532064Z,verified,0.1.0.dev0,
ndbc,stdmet,46256,2023,https://www.ndbc.noaa.gov/data/historical/stdmet/46256h2023.txt.gz,data/raw/ndbc/46256/stdmet/46256h2023.txt.gz,1e312dbf57f5fda4926ab90fcae496b5377d28046aa735815bcc673ce6a2a2d2,192934,200,"Tue, 06 Feb 2024 16:38:47 GMT","""2f1a6-610b9365813c0""",2026-10-02T01:58:08.541676Z,verified,0.1.0.dev0,
ndbc,stdmet,46258,2023,https://www.ndbc.noaa.gov/data/historical/stdmet/46258h2023.txt.gz,data/raw/ndbc/46258/stdmet/46258h2023.txt.gz,1b7c57b9d51834acf2dd8ba14fbd921e7f821ad21b769869a81bac6927403b8a,183730,200,"Tue, 06 Feb 2024 16:38:47 GMT","""2cdb2-610b9365813c0""",2026-10-02T01:58:09.562550Z,verified,0.1.0.dev0,
ndbc,stdmet,46259,2023,https://www.ndbc.noaa.gov/data/historical/stdmet/46259h2023.txt.gz,data/raw/ndbc/46259/stdmet/46259h2023.txt.gz,f22f5e966e4f6ca7a3f25dd6ede547fe3429c9b657221332613474123f73b72e,184420,200,"Tue, 06 Feb 2024 16:38:47 GMT","""2d064-610b9365813c0""",2026-10-02T01:58:10.559457Z,verified,0.1.0.dev0,
ndbc,stdmet,46266,2023,https://www.ndbc.noaa.gov/data/historical/stdmet/46266h2023.txt.gz,data/raw/ndbc/46266/stdmet/46266h2023.txt.gz,23f671c4c1d95ae5c04710e1246b3a97004bcd9c6855aaea80314322549b8f28,182198,200,"Tue, 06 Feb 2024 16:38:47 GMT","""2c7b6-610b9365813c0""",2026-10-02T01:58:11.507816Z,verified,0.1.0.dev0,
ndbc,stdmet,46267,2023,https://www.ndbc.noaa.gov/data/historical/stdmet/46267h2023.txt.gz,data/raw/ndbc/46267/stdmet/46267h2023.txt.gz,77788387c6d8ebed063fa98d9e0bfefec43ac450e08dd60d77835bac94d4f415,190841,200,"Tue, 06 Feb 2024 16:38:47 GMT","""2e979-610b9365813c0""",2026-10-02T01:58:12.512308Z,verified,0.1.0.dev0,
ndbc,stdmet,46268,2023,https://www.ndbc.noaa.gov/data/historical/stdmet/46268h2023.txt.gz,data/raw/ndbc/46268/stdmet/46268h2023.txt.gz,e935266eb3d0a0dd2edaa454fbc82d2890384c74cf071031800624dc470c9ad6,209186,200,"Tue, 06 Feb 2024 16:38:47 GMT","""33122-610b9365813c0""",2026-10-02T01:58:13.542217Z,verified,0.1.0.dev0,
ndbc,stdmet,46274,2023,https://www.ndbc.noaa.gov/data/historical/stdmet/46274h2023.txt.gz,data/raw/ndbc/46274/stdmet/46274h2023.txt.gz,03e2790d71359ccfdb40f0d7173a31811ca92c3516c547704169809c4e0d2f07,208895,200,"Tue, 06 Feb 2024 16:38:47 GMT","""32fff-610b9365813c0""",2026-10-02T01:58:14.533298Z,verified,0.1.0.dev0,
ndbc,stdmet,46275,2023,https://www.ndbc.noaa.gov/data/historical/stdmet/46275h2023.txt.gz,data/raw/ndbc/46275/stdmet/46275h2023.txt.gz,12d1ce1b4a53686ddb61a5988ec061fc96be295d9b989af5684291de4f29c2c6,196790,200,"Tue, 06 Feb 2024 16:38:47 GMT","""300b6-610b9365813c0""",2026-10-02T01:58:15.532775Z,verified,0.1.0.dev0,
ndbc,stdmet,46277,2023,https://www.ndbc.noaa.gov/data/historical/stdmet/46277h2023.txt.gz,data/raw/ndbc/46277/stdmet/46277h2023.txt.gz,a42dfee90316d72e8ff6a26d16fdc1b120e7c64f58a282627fbb14ee8bb735f7,106598,200,"Tue, 06 Feb 2024 16:38:47 GMT","""1a066-610b9365813c0""",2026-10-02T01:58:16.536546Z,verified,0.1.0.dev0,
ndbc,stdmet,46278,2023,https://www.ndbc.noaa.gov/data/historical/stdmet/46278h2023.txt.gz,data/raw/ndbc/46278/stdmet/46278h2023.txt.gz,ee6f6a30c87e60242254c71ee6def39a6ec6ee1a1c9aea9752ad0ae5b9aea778,94315,200,"Tue, 06 Feb 2024 16:38:47 GMT","""1706b-610b9365813c0""",2026-10-02T01:58:17.534388Z,verified,0.1.0.dev0,
ndbc,stdmet,51001,2023,https://www.ndbc.noaa.gov/data/historical/stdmet/51001h2023.txt.gz,data/raw/ndbc/51001/stdmet/51001h2023.txt.gz,e52492bf969e50373b91d3b51c59c5eac955a64bf3353665b62bcab213a7933a,744501,200,"Tue, 06 Feb 2024 16:38:47 GMT","""b5c35-610b9365813c0""",2026-10-02T01:58:18.544563Z,verified,0.1.0.dev0,
ndbc,stdmet,51101,2023,https://www.ndbc.noaa.gov/data/historical/stdmet/51101h2023.txt.gz,data/raw/ndbc/51101/stdmet/51101h2023.txt.gz,755158c4c4b389acb53e22d50f1ed8b92d0a8d3441b0abf9783d818857f2dcf9,655176,200,"Tue, 06 Feb 2024 16:38:47 GMT","""9ff48-610b9365813c0""",2026-10-02T01:58:19.650211Z,verified,0.1.0.dev0,
ndbc,stdmet,51201,2023,https://www.ndbc.noaa.gov/data/historical/stdmet/51201h2023.txt.gz,data/raw/ndbc/51201/stdmet/51201h2023.txt.gz,46a5a44b873f8da2d4660528fc3539cc44faa37cd7c195ccab1d113ba5e04112,116741,200,"Tue, 06 Feb 2024 16:38:47 GMT","""1c805-610b9365813c0""",2026-10-02T01:58:20.530058Z,verified,0.1.0.dev0,
ndbc,stdmet,51202,2023,https://www.ndbc.noaa.gov/data/historical/stdmet/51202h2023.txt.gz,data/raw/ndbc/51202/stdmet/51202h2023.txt.gz,5b779864ed84b893f0e3e8ee636073112ea79a97015e5fc672dbff1bf24c9991,176422,200,"Tue, 06 Feb 2024 16:38:47 GMT","""2b126-610b9365813c0""",2026-10-02T01:58:21.508982Z,verified,0.1.0.dev0,
ndbc,stdmet,51205,2023,https://www.ndbc.noaa.gov/data/historical/stdmet/51205h2023.txt.gz,data/raw/ndbc/51205/stdmet/51205h2023.txt.gz,63ef233dfb2e6ced80b1cfdb23a2b87aeffd670de3c712ae52b741b9f9af50b2,52338,200,"Tue, 06 Feb 2024 16:38:47 GMT","""cc72-610b9365813c0""",2026-10-02T01:58:22.534070Z,verified,0.1.0.dev0,
ndbc,stdmet,51207,2023,https://www.ndbc.noaa.gov/data/historical/stdmet/51207h2023.txt.gz,data/raw/ndbc/51207/stdmet/51207h2023.txt.gz,227736a463c937708a40b8d1d615df52ebaaac57c1a4f570a33bca308f5ae3c7,86353,200,"Tue, 06 Feb 2024 16:38:47 GMT","""15151-610b9365813c0""",2026-10-02T01:58:23.533575Z,verified,0.1.0.dev0,
ndbc,stdmet,51210,2023,https://www.ndbc.noaa.gov/data/historical/stdmet/51210h2023.txt.gz,data/raw/ndbc/51210/stdmet/51210h2023.txt.gz,15a9b44767981885fc43ef17422f218d1f14a881a6c6b8eb43fef191beab9434,164506,200,"Tue, 06 Feb 2024 16:38:47 GMT","""2829a-610b9365813c0""",2026-10-02T01:58:24.543793Z,verified,0.1.0.dev0,
ndbc,stdmet,51211,2023,https://www.ndbc.noaa.gov/data/historical/stdmet/51211h2023.txt.gz,data/raw/ndbc/51211/stdmet/51211h2023.txt.gz,8821b7682e4e13cdb28b8ba209c204be2be4570378e6283158105c315646f805,201682,200,"Tue, 06 Feb 2024 16:38:47 GMT","""313d2-610b9365813c0""",2026-10-02T01:58:25.556312Z,verified,0.1.0.dev0,
ndbc,stdmet,51212,2023,https://www.ndbc.noaa.gov/data/historical/stdmet/51212h2023.txt.gz,data/raw/ndbc/51212/stdmet/51212h2023.txt.gz,a35f13d6471c1d123219ca9193f1463b74550d20f03202d9ac8b72e0d2ef47bd,162178,200,"Tue, 06 Feb 2024 16:38:47 GMT","""27982-610b9365813c0""",2026-10-02T01:58:26.534241Z,verified,0.1.0.dev0,
ndbc,stdmet,51213,2023,https://www.ndbc.noaa.gov/data/historical/stdmet/51213h2023.txt.gz,data/raw/ndbc/51213/stdmet/51213h2023.txt.gz,4486ba1a129c54c2de6b1d56022851cbc36d69d573e00757057bbd70e0a3c482,156663,200,"Tue, 06 Feb 2024 16:38:31 GMT","""263f7-610b93563efc0""",2026-10-02T01:58:27.549766Z,verified,0.1.0.dev0,
ndbc,stdmet,52200,2023,https://www.ndbc.noaa.gov/data/historical/stdmet/52200h2023.txt.gz,data/raw/ndbc/52200/stdmet/52200h2023.txt.gz,31f0ac2c6fb70e95f691f3f8db94ab7842286b4c5736f4fd6af13f3188d73e60,170806,200,"Tue, 06 Feb 2024 16:38:47 GMT","""29b36-610b9365813c0""",2026-10-02T01:58:28.689079Z,verified,0.1.0.dev0,
ndbc,stdmet,52202,2023,https://www.ndbc.noaa.gov/data/historical/stdmet/52202h2023.txt.gz,data/raw/ndbc/52202/stdmet/52202h2023.txt.gz,c76d80bf2cdf83a96bbb10b2c1b868c3e2d39a135266a6eac2e923ff67b5a900,68273,200,"Tue, 06 Feb 2024 16:35:46 GMT","""10ab1-610b92b8e3c80""",2026-10-02T01:58:29.536010Z,verified,0.1.0.dev0,
ndbc,stdmet,LJPC1,2023,https://www.ndbc.noaa.gov/data/historical/stdmet/ljpc1h2023.txt.gz,data/raw/ndbc/LJPC1/stdmet/ljpc1h2023.txt.gz,b364cad6cf20ee2114884eb4c9723f2559fc3561c4b5a9b363178cdfdcd938b9,96596,200,"Tue, 06 Feb 2024 16:38:52 GMT","""17954-610b936a45f00""",2026-10-02T01:58:30.532599Z,verified,0.1.0.dev0,
