hst_day,hst_week,images,split_day,split_week,split_year
2009-02-05,2009-W06,2,train,train,train
2009-02-06,2009-W06,16,train,train,train
2009-03-12,2009-W11,8,train,test,train
2009-03-13,2009-W11,22,train,test,train
2009-03-14,2009-W11,22,test,test,train
2009-03-15,2009-W11,22,train,test,train
2009-03-20,2009-W12,8,train,test,train
2009-03-21,2009-W12,24,train,test,train
2009-03-22,2009-W12,24,val,test,train
2009-03-23,2009-W13,24,test,train,train
2009-03-24,2009-W13,24,train,train,train
2009-03-25,2009-W13,24,train,train,train
2009-03-26,2009-W13,24,test,train,train
2009-03-27,2009-W13,24,train,train,train
2009-04-14,2009-W16,2,train,val,train
2009-09-23,2009-W39,5,train,train,train
2009-09-24,2009-W39,6,train,train,train
2009-09-25,2009-W39,16,test,train,train
2009-09-26,2009-W39,24,train,train,train
2009-09-27,2009-W39,24,train,train,train
2009-09-28,2009-W40,22,test,train,train
2009-09-29,2009-W40,24,train,train,train
2009-09-30,2009-W40,22,train,train,train
2009-10-01,2009-W40,22,train,train,train
2009-10-02,2009-W40,24,train,train,train
2009-10-03,2009-W40,24,train,train,train
2009-10-04,2009-W40,24,test,train,train
2009-10-05,2009-W41,16,train,train,train
2009-10-08,2009-W41,12,train,train,train
2009-10-09,2009-W41,14,train,train,train
2009-10-10,2009-W41,14,train,train,train
2009-10-11,2009-W41,24,train,train,train
2009-10-12,2009-W42,18,val,train,train
2009-10-13,2009-W42,24,train,train,train
2009-10-14,2009-W42,24,train,train,train
2009-10-15,2009-W42,24,train,train,train
2009-10-16,2009-W42,24,train,train,train
2009-10-17,2009-W42,24,train,train,train
2009-10-18,2009-W42,24,train,train,train
2009-10-19,2009-W43,24,train,train,train
2009-10-20,2009-W43,24,val,train,train
2009-10-21,2009-W43,22,train,train,train
2009-10-22,2009-W43,24,train,train,train
2009-10-23,2009-W43,24,val,train,train
2009-10-24,2009-W43,24,train,train,train
2009-10-25,2009-W43,24,train,train,train
2009-10-26,2009-W44,24,val,train,train
2009-10-27,2009-W44,22,val,train,train
2009-10-28,2009-W44,23,train,train,train
2009-10-29,2009-W44,24,train,train,train
2009-10-30,2009-W44,24,train,train,train
2009-10-31,2009-W44,24,test,train,train
2009-11-01,2009-W44,23,train,train,train
2009-11-02,2009-W45,23,test,test,train
2009-11-03,2009-W45,13,val,test,train
2009-11-05,2009-W45,12,train,test,train
2009-11-06,2009-W45,24,test,test,train
2009-11-07,2009-W45,24,test,test,train
2009-11-08,2009-W45,24,val,test,train
2009-11-09,2009-W46,24,val,train,train
2009-11-10,2009-W46,24,train,train,train
2009-11-11,2009-W46,24,val,train,train
2009-11-12,2009-W46,22,train,train,train
2009-11-13,2009-W46,22,val,train,train
2009-11-14,2009-W46,22,train,train,train
2009-11-15,2009-W46,22,val,train,train
2009-11-16,2009-W47,22,train,train,train
2009-11-17,2009-W47,24,train,train,train
2009-11-18,2009-W47,24,train,train,train
2009-11-19,2009-W47,24,train,train,train
2009-11-20,2009-W47,24,train,train,train
2009-11-21,2009-W47,22,train,train,train
2009-11-22,2009-W47,22,val,train,train
2009-11-23,2009-W48,22,train,test,train
2009-11-24,2009-W48,22,test,test,train
2009-11-25,2009-W48,22,val,test,train
2009-11-26,2009-W48,9,train,test,train
2009-11-27,2009-W48,22,train,test,train
2009-11-28,2009-W48,22,train,test,train
2009-11-29,2009-W48,22,test,test,train
2009-11-30,2009-W49,22,val,train,train
2009-12-01,2009-W49,22,train,train,train
2009-12-02,2009-W49,22,train,train,train
2009-12-03,2009-W49,22,train,train,train
2009-12-04,2009-W49,22,test,train,train
2009-12-05,2009-W49,22,train,train,train
2009-12-06,2009-W49,22,train,train,train
2009-12-07,2009-W50,22,test,train,train
2009-12-08,2009-W50,22,train,train,train
2009-12-09,2009-W50,22,train,train,train
2009-12-10,2009-W50,22,train,train,train
2009-12-11,2009-W50,22,val,train,train
2009-12-12,2009-W50,6,test,train,train
2009-12-13,2009-W50,22,train,train,train
2009-12-14,2009-W51,20,val,train,train
2009-12-15,2009-W51,24,train,train,train
2009-12-16,2009-W51,24,test,train,train
2009-12-17,2009-W51,24,train,train,train
2009-12-18,2009-W51,24,train,train,train
2009-12-19,2009-W51,24,test,train,train
2009-12-20,2009-W51,24,test,train,train
2009-12-21,2009-W52,22,train,train,train
2009-12-22,2009-W52,22,train,train,train
2009-12-23,2009-W52,22,train,train,train
2009-12-24,2009-W52,22,test,train,train
2009-12-25,2009-W52,22,train,train,train
2009-12-26,2009-W52,22,train,train,train
2009-12-27,2009-W52,22,train,train,train
2009-12-28,2009-W53,22,train,train,train
2009-12-29,2009-W53,21,val,train,train
2009-12-30,2009-W53,11,train,train,train
2009-12-31,2009-W53,11,train,train,train
2010-01-01,2009-W53,11,train,train,train
2010-01-02,2009-W53,11,train,train,train
2010-01-03,2009-W53,14,test,train,train
2010-01-04,2010-W01,22,train,train,train
2010-01-05,2010-W01,22,train,train,train
2010-01-06,2010-W01,22,test,train,train
2010-01-07,2010-W01,22,train,train,train
2010-01-08,2010-W01,22,train,train,train
2010-01-09,2010-W01,22,test,train,train
2010-01-10,2010-W01,22,train,train,train
2010-01-11,2010-W02,22,train,train,train
2010-01-12,2010-W02,12,train,train,train
2010-01-13,2010-W02,11,train,train,train
2010-01-14,2010-W02,11,train,train,train
2010-01-15,2010-W02,11,train,train,train
2010-01-16,2010-W02,11,test,train,train
2010-01-17,2010-W02,11,train,train,train
2010-01-18,2010-W03,11,val,val,train
2010-01-19,2010-W03,11,train,val,train
2010-01-20,2010-W03,11,val,val,train
2010-01-21,2010-W03,11,test,val,train
2010-01-22,2010-W03,19,train,val,train
2010-01-23,2010-W03,22,train,val,train
2010-01-24,2010-W03,22,test,val,train
2010-01-25,2010-W04,22,train,test,train
2010-01-26,2010-W04,22,train,test,train
2010-01-27,2010-W04,22,train,test,train
2010-01-28,2010-W04,22,val,test,train
2010-01-29,2010-W04,22,train,test,train
2010-02-22,2010-W08,8,train,train,train
2010-02-23,2010-W08,22,train,train,train
2010-02-24,2010-W08,22,test,train,train
2010-02-25,2010-W08,22,train,train,train
2010-02-26,2010-W08,22,val,train,train
2010-02-27,2010-W08,2,train,train,train
2010-02-28,2010-W08,22,train,train,train
2010-03-01,2010-W09,22,val,test,train
2010-03-02,2010-W09,22,val,test,train
2010-03-03,2010-W09,22,train,test,train
2010-03-04,2010-W09,11,val,test,train
2010-03-05,2010-W09,22,test,test,train
2010-03-06,2010-W09,22,train,test,train
2010-03-07,2010-W09,22,train,test,train
2010-03-08,2010-W10,22,val,train,train
2010-03-09,2010-W10,20,train,train,train
2010-03-10,2010-W10,22,train,train,train
2010-03-11,2010-W10,22,train,train,train
2010-03-12,2010-W10,22,train,train,train
2010-03-13,2010-W10,22,train,train,train
2010-03-14,2010-W10,22,train,train,train
2010-03-15,2010-W11,20,train,val,train
2010-03-16,2010-W11,22,train,val,train
2010-03-17,2010-W11,22,train,val,train
2010-03-18,2010-W11,22,val,val,train
2010-03-19,2010-W11,22,train,val,train
2010-03-20,2010-W11,22,train,val,train
2010-03-21,2010-W11,22,train,val,train
2010-03-22,2010-W12,22,train,train,train
2010-03-23,2010-W12,22,train,train,train
2010-03-24,2010-W12,8,train,train,train
2010-03-25,2010-W12,12,train,train,train
2010-03-26,2010-W12,22,train,train,train
2010-03-27,2010-W12,22,train,train,train
2010-03-28,2010-W12,22,val,train,train
2010-03-29,2010-W13,22,train,train,train
2010-03-30,2010-W13,22,train,train,train
2010-03-31,2010-W13,22,train,train,train
2010-04-01,2010-W13,22,train,train,train
2010-04-02,2010-W13,22,train,train,train
2010-04-03,2010-W13,22,train,train,train
2010-04-04,2010-W13,16,train,train,train
2010-04-05,2010-W14,22,train,train,train
2010-04-06,2010-W14,22,test,train,train
2010-04-07,2010-W14,22,train,train,train
2010-04-08,2010-W14,20,train,train,train
2010-04-09,2010-W14,22,train,train,train
2010-04-10,2010-W14,22,train,train,train
2010-04-11,2010-W14,22,train,train,train
2010-04-12,2010-W15,22,train,train,train
2010-04-13,2010-W15,22,train,train,train
2010-04-14,2010-W15,22,test,train,train
2010-04-15,2010-W15,22,test,train,train
2010-04-16,2010-W15,22,test,train,train
2010-04-17,2010-W15,22,train,train,train
2010-04-18,2010-W15,22,train,train,train
2010-04-19,2010-W16,22,test,test,train
2010-04-20,2010-W16,22,train,test,train
2010-04-21,2010-W16,22,train,test,train
2010-04-22,2010-W16,22,test,test,train
2010-04-23,2010-W16,22,train,test,train
2010-04-24,2010-W16,22,test,test,train
2010-04-25,2010-W16,22,train,test,train
2010-04-26,2010-W17,22,train,train,train
2010-04-27,2010-W17,22,train,train,train
2010-04-28,2010-W17,22,train,train,train
2010-04-29,2010-W17,22,train,train,train
2010-04-30,2010-W17,22,train,train,train
2010-05-01,2010-W17,22,val,train,train
2010-05-02,2010-W17,22,train,train,train
2010-05-03,2010-W18,22,train,train,train
2010-05-04,2010-W18,22,train,train,train
2010-05-05,2010-W18,22,train,train,train
2010-05-06,2010-W18,22,val,train,train
2010-05-07,2010-W18,22,test,train,train
2010-05-08,2010-W18,22,train,train,train
2010-05-09,2010-W18,22,train,train,train
2010-05-10,2010-W19,22,train,train,train
2010-05-11,2010-W19,22,train,train,train
2010-05-12,2010-W19,22,train,train,train
2010-05-13,2010-W19,22,val,train,train
2010-05-14,2010-W19,22,train,train,train
2010-05-15,2010-W19,22,train,train,train
2010-05-16,2010-W19,22,test,train,train
2010-05-17,2010-W20,22,train,test,train
2010-05-18,2010-W20,22,train,test,train
2010-05-19,2010-W20,22,train,test,train
2010-05-20,2010-W20,22,val,test,train
2010-05-21,2010-W20,20,train,test,train
2010-05-22,2010-W20,22,train,test,train
2010-05-23,2010-W20,22,test,test,train
2010-05-24,2010-W21,22,train,val,train
2010-05-25,2010-W21,22,train,val,train
2010-05-26,2010-W21,22,train,val,train
2010-05-27,2010-W21,22,val,val,train
2010-05-28,2010-W21,22,test,val,train
2010-05-29,2010-W21,22,val,val,train
2010-05-30,2010-W21,22,train,val,train
2010-05-31,2010-W22,22,train,val,train
2010-06-01,2010-W22,22,train,val,train
2010-06-02,2010-W22,22,train,val,train
2010-06-03,2010-W22,22,train,val,train
2010-06-04,2010-W22,22,train,val,train
2010-06-05,2010-W22,22,train,val,train
2010-06-06,2010-W22,22,train,val,train
2010-06-07,2010-W23,22,train,train,train
2010-06-08,2010-W23,22,train,train,train
2010-06-09,2010-W23,22,val,train,train
2010-06-10,2010-W23,20,train,train,train
2010-06-11,2010-W23,22,train,train,train
2010-06-12,2010-W23,22,train,train,train
2010-06-13,2010-W23,22,train,train,train
2010-06-14,2010-W24,22,train,train,train
2010-06-15,2010-W24,22,train,train,train
2010-06-16,2010-W24,22,train,train,train
2010-06-17,2010-W24,22,train,train,train
2010-06-18,2010-W24,22,test,train,train
2010-06-19,2010-W24,22,val,train,train
2010-06-20,2010-W24,22,val,train,train
2010-06-21,2010-W25,20,val,train,train
2010-06-22,2010-W25,22,test,train,train
2010-06-23,2010-W25,22,train,train,train
2010-06-24,2010-W25,22,train,train,train
2010-06-25,2010-W25,22,test,train,train
2010-06-26,2010-W25,22,train,train,train
2010-06-27,2010-W25,22,test,train,train
2010-06-28,2010-W26,22,val,train,train
2010-06-29,2010-W26,22,train,train,train
2010-06-30,2010-W26,22,train,train,train
2010-07-01,2010-W26,22,val,train,train
2010-07-02,2010-W26,22,val,train,train
2010-07-03,2010-W26,22,val,train,train
2010-07-04,2010-W26,22,train,train,train
2010-07-05,2010-W27,22,train,train,train
2010-07-06,2010-W27,22,train,train,train
2010-07-07,2010-W27,18,train,train,train
2010-07-08,2010-W27,22,train,train,train
2010-07-09,2010-W27,22,train,train,train
2010-07-10,2010-W27,22,test,train,train
2010-07-11,2010-W27,22,test,train,train
2010-07-12,2010-W28,22,train,test,train
2010-07-13,2010-W28,22,train,test,train
2010-07-14,2010-W28,22,val,test,train
2010-07-15,2010-W28,22,train,test,train
2010-07-16,2010-W28,22,train,test,train
2010-07-17,2010-W28,12,train,test,train
2010-07-18,2010-W28,22,train,test,train
2010-07-19,2010-W29,22,train,test,train
2010-07-20,2010-W29,22,train,test,train
2010-07-21,2010-W29,22,train,test,train
2010-07-22,2010-W29,22,test,test,train
2010-07-23,2010-W29,20,train,test,train
2010-07-24,2010-W29,22,train,test,train
2010-07-25,2010-W29,22,train,test,train
2010-07-26,2010-W30,22,val,test,train
2010-07-27,2010-W30,22,train,test,train
2010-07-28,2010-W30,22,val,test,train
2010-07-29,2010-W30,22,train,test,train
2010-07-30,2010-W30,22,train,test,train
2010-07-31,2010-W30,22,train,test,train
2010-08-01,2010-W30,22,test,test,train
2010-08-02,2010-W31,22,test,train,train
2010-08-03,2010-W31,22,train,train,train
2010-08-04,2010-W31,22,train,train,train
2010-08-05,2010-W31,22,train,train,train
2010-08-06,2010-W31,22,train,train,train
2010-08-07,2010-W31,22,train,train,train
2010-08-08,2010-W31,22,train,train,train
2010-08-09,2010-W32,22,val,val,train
2010-08-10,2010-W32,22,train,val,train
2010-08-11,2010-W32,22,val,val,train
2010-11-02,2010-W44,4,train,test,train
2010-11-03,2010-W44,22,train,test,train
2010-11-04,2010-W44,22,train,test,train
2010-11-05,2010-W44,22,train,test,train
2010-11-06,2010-W44,22,test,test,train
2010-11-07,2010-W44,22,train,test,train
2010-11-08,2010-W45,22,test,train,train
2010-11-09,2010-W45,1,train,train,train
2010-11-10,2010-W45,19,train,train,train
2010-11-11,2010-W45,6,test,train,train
2010-11-12,2010-W45,22,test,train,train
2010-11-13,2010-W45,22,train,train,train
2010-11-14,2010-W45,22,train,train,train
2010-11-15,2010-W46,22,train,train,train
2010-11-16,2010-W46,22,val,train,train
2010-11-17,2010-W46,22,train,train,train
2010-11-18,2010-W46,22,train,train,train
2010-11-19,2010-W46,22,train,train,train
2010-11-20,2010-W46,22,train,train,train
2010-11-21,2010-W46,22,val,train,train
2010-11-22,2010-W47,20,train,train,train
2010-11-23,2010-W47,22,test,train,train
2010-11-24,2010-W47,22,train,train,train
2010-11-25,2010-W47,22,train,train,train
2010-11-26,2010-W47,22,train,train,train
2010-11-27,2010-W47,22,train,train,train
2010-11-28,2010-W47,22,train,train,train
2010-11-29,2010-W48,22,val,train,train
2010-11-30,2010-W48,22,train,train,train
2010-12-01,2010-W48,22,test,train,train
2010-12-02,2010-W48,22,train,train,train
2010-12-03,2010-W48,22,train,train,train
2010-12-04,2010-W48,22,train,train,train
2010-12-05,2010-W48,22,test,train,train
2010-12-06,2010-W49,22,train,train,train
2010-12-07,2010-W49,22,train,train,train
2010-12-08,2010-W49,22,test,train,train
2010-12-09,2010-W49,22,val,train,train
2010-12-10,2010-W49,22,train,train,train
2010-12-11,2010-W49,22,train,train,train
2010-12-13,2010-W50,20,train,train,train
2010-12-14,2010-W50,22,train,train,train
2010-12-15,2010-W50,22,train,train,train
2010-12-16,2010-W50,22,train,train,train
2010-12-17,2010-W50,22,train,train,train
2010-12-18,2010-W50,22,train,train,train
2010-12-19,2010-W50,22,train,train,train
2010-12-20,2010-W51,22,test,test,train
2010-12-21,2010-W51,22,train,test,train
2010-12-22,2010-W51,1,val,test,train
2010-12-23,2010-W51,21,val,test,train
2010-12-24,2010-W51,22,train,test,train
2010-12-25,2010-W51,22,train,test,train
2010-12-26,2010-W51,22,test,test,train
2010-12-27,2010-W52,22,train,train,train
2010-12-28,2010-W52,22,test,train,train
2010-12-29,2010-W52,19,train,train,train
2010-12-30,2010-W52,18,train,train,train
2010-12-31,2010-W52,17,train,train,train
2011-01-01,2010-W52,19,train,train,train
2011-01-02,2010-W52,20,val,train,train
2011-01-03,2011-W01,15,train,train,train
2011-02-07,2011-W06,2,train,val,train
2011-02-08,2011-W06,22,train,val,train
2011-02-09,2011-W06,22,train,val,train
2011-02-10,2011-W06,22,val,val,train
2011-02-11,2011-W06,22,train,val,train
2011-02-12,2011-W06,22,train,val,train
2011-02-13,2011-W06,22,train,val,train
2011-02-14,2011-W07,22,train,train,train
2011-02-15,2011-W07,22,train,train,train
2011-02-16,2011-W07,22,train,train,train
2011-02-17,2011-W07,6,train,train,train
2011-02-18,2011-W07,8,train,train,train
2011-10-25,2011-W43,12,train,test,train
2011-10-26,2011-W43,22,val,test,train
2011-10-27,2011-W43,22,train,test,train
2011-10-28,2011-W43,22,val,test,train
2011-10-29,2011-W43,22,train,test,train
2011-10-30,2011-W43,22,train,test,train
2011-10-31,2011-W44,22,train,train,train
2011-11-01,2011-W44,22,train,train,train
2011-11-02,2011-W44,22,test,train,train
2011-11-03,2011-W44,22,train,train,train
2011-11-04,2011-W44,22,test,train,train
2011-11-05,2011-W44,22,train,train,train
2011-11-06,2011-W44,22,train,train,train
2011-11-07,2011-W45,22,val,train,train
2011-11-08,2011-W45,22,train,train,train
2011-11-09,2011-W45,22,train,train,train
2011-11-10,2011-W45,22,test,train,train
2011-11-11,2011-W45,22,test,train,train
2011-11-12,2011-W45,22,train,train,train
2011-11-13,2011-W45,22,train,train,train
2011-11-14,2011-W46,22,test,train,train
2011-11-15,2011-W46,22,val,train,train
2011-11-16,2011-W46,22,train,train,train
2011-11-17,2011-W46,22,train,train,train
2011-11-18,2011-W46,22,test,train,train
2011-11-19,2011-W46,22,train,train,train
2011-11-20,2011-W46,22,train,train,train
2011-11-21,2011-W47,22,val,train,train
2011-11-22,2011-W47,22,train,train,train
2011-11-23,2011-W47,22,train,train,train
2011-11-24,2011-W47,22,train,train,train
2011-11-25,2011-W47,22,train,train,train
2011-11-26,2011-W47,1,test,train,train
2011-11-27,2011-W47,21,train,train,train
2011-11-29,2011-W48,22,test,train,train
2011-11-30,2011-W48,22,train,train,train
2011-12-01,2011-W48,22,train,train,train
2011-12-02,2011-W48,22,train,train,train
2011-12-03,2011-W48,22,train,train,train
2011-12-04,2011-W48,22,train,train,train
2011-12-05,2011-W49,22,train,train,train
2011-12-06,2011-W49,22,train,train,train
2011-12-07,2011-W49,22,train,train,train
2011-12-08,2011-W49,22,train,train,train
2011-12-09,2011-W49,22,test,train,train
2011-12-10,2011-W49,22,test,train,train
2011-12-11,2011-W49,22,train,train,train
2011-12-12,2011-W50,22,val,train,train
2011-12-13,2011-W50,22,train,train,train
2011-12-14,2011-W50,22,test,train,train
2011-12-15,2011-W50,22,val,train,train
2011-12-16,2011-W50,22,train,train,train
2011-12-17,2011-W50,22,val,train,train
2011-12-18,2011-W50,1,train,train,train
2011-12-19,2011-W51,1,val,train,train
2011-12-21,2011-W51,6,test,train,train
2011-12-22,2011-W51,22,train,train,train
2011-12-23,2011-W51,22,train,train,train
2011-12-24,2011-W51,22,val,train,train
2011-12-25,2011-W51,22,train,train,train
2011-12-26,2011-W52,22,train,train,train
2011-12-27,2011-W52,22,train,train,train
2011-12-28,2011-W52,22,train,train,train
2011-12-29,2011-W52,22,train,train,train
2011-12-30,2011-W52,6,test,train,train
2012-01-03,2012-W01,20,train,train,excluded
2012-01-04,2012-W01,22,train,train,val
2012-01-05,2012-W01,22,val,train,val
2012-01-06,2012-W01,17,train,train,val
2012-01-07,2012-W01,22,train,train,val
2012-01-08,2012-W01,22,train,train,val
2012-01-09,2012-W02,22,train,val,val
2012-01-10,2012-W02,22,train,val,val
2012-01-11,2012-W02,3,train,val,val
2012-01-16,2012-W03,2,train,train,val
2012-01-25,2012-W04,8,train,val,val
2012-01-27,2012-W04,8,test,val,val
2012-01-28,2012-W04,22,train,val,val
2012-01-29,2012-W04,22,train,val,val
2012-01-30,2012-W05,22,train,train,val
2012-01-31,2012-W05,22,train,train,val
2012-02-01,2012-W05,22,train,train,val
2012-02-02,2012-W05,22,val,train,val
2012-02-03,2012-W05,21,val,train,val
2012-02-04,2012-W05,22,train,train,val
2012-02-05,2012-W05,22,val,train,val
2012-02-06,2012-W06,21,train,train,val
2012-02-07,2012-W06,22,train,train,val
2012-02-08,2012-W06,20,train,train,val
2012-02-09,2012-W06,21,train,train,val
2012-02-10,2012-W06,21,train,train,val
2012-02-11,2012-W06,22,train,train,val
2012-02-12,2012-W06,22,train,train,val
2012-02-13,2012-W07,22,train,val,val
2012-02-14,2012-W07,22,train,val,val
2012-02-15,2012-W07,22,val,val,val
2012-02-16,2012-W07,22,test,val,val
2012-02-17,2012-W07,22,val,val,val
2012-02-18,2012-W07,22,train,val,val
2012-02-19,2012-W07,22,train,val,val
2012-02-20,2012-W08,22,val,test,val
2012-02-21,2012-W08,22,train,test,val
2012-02-22,2012-W08,22,test,test,val
2012-02-23,2012-W08,22,val,test,val
2012-02-24,2012-W08,22,train,test,val
2012-02-25,2012-W08,22,train,test,val
2012-02-26,2012-W08,22,train,test,val
2012-02-27,2012-W09,22,train,val,val
2012-02-28,2012-W09,22,train,val,val
2012-02-29,2012-W09,22,test,val,val
2012-03-01,2012-W09,22,train,val,val
2012-03-02,2012-W09,22,train,val,val
2012-03-03,2012-W09,22,train,val,val
2012-03-04,2012-W09,22,train,val,val
2012-03-05,2012-W10,22,train,train,val
2012-03-06,2012-W10,22,train,train,val
2012-03-07,2012-W10,22,val,train,val
2012-03-08,2012-W10,22,train,train,val
2012-03-09,2012-W10,22,train,train,val
2012-03-10,2012-W10,20,train,train,val
2012-03-11,2012-W10,20,val,train,val
2012-03-12,2012-W11,22,train,train,val
2012-03-13,2012-W11,22,val,train,val
2012-03-14,2012-W11,22,train,train,val
2012-03-15,2012-W11,22,test,train,val
2012-03-16,2012-W11,22,train,train,val
2012-03-17,2012-W11,22,train,train,val
2012-03-18,2012-W11,22,train,train,val
2012-03-19,2012-W12,22,val,train,val
2012-03-20,2012-W12,22,train,train,val
2012-03-21,2012-W12,22,train,train,val
2012-03-22,2012-W12,22,val,train,val
2012-03-23,2012-W12,22,train,train,val
2012-03-24,2012-W12,22,train,train,val
2012-03-25,2012-W12,22,train,train,val
2012-03-26,2012-W13,22,val,train,val
2012-03-27,2012-W13,22,val,train,val
2012-03-28,2012-W13,22,train,train,val
2012-03-29,2012-W13,20,test,train,val
2012-03-30,2012-W13,22,train,train,val
2012-03-31,2012-W13,22,train,train,val
2012-04-01,2012-W13,22,test,train,val
2012-04-02,2012-W14,22,val,val,val
2012-04-03,2012-W14,22,train,val,val
2012-04-04,2012-W14,22,train,val,val
2012-04-05,2012-W14,22,train,val,val
2012-04-06,2012-W14,22,train,val,val
2012-04-07,2012-W14,22,train,val,val
2012-04-08,2012-W14,22,train,val,val
2012-04-09,2012-W15,22,train,test,val
2012-04-10,2012-W15,20,train,test,val
2012-04-11,2012-W15,22,train,test,val
2012-04-12,2012-W15,22,test,test,val
2012-04-13,2012-W15,22,train,test,val
2012-04-14,2012-W15,22,train,test,val
2012-04-15,2012-W15,22,train,test,val
2012-04-16,2012-W16,22,test,train,val
2012-04-17,2012-W16,22,train,train,val
2012-04-18,2012-W16,20,test,train,val
2012-04-19,2012-W16,22,train,train,val
2012-04-20,2012-W16,22,train,train,val
2012-04-21,2012-W16,22,val,train,val
2012-04-22,2012-W16,22,test,train,val
2012-04-23,2012-W17,22,train,train,val
2012-04-24,2012-W17,22,val,train,val
2012-04-25,2012-W17,22,train,train,val
2012-04-26,2012-W17,22,val,train,val
2012-04-27,2012-W17,22,train,train,val
2012-04-28,2012-W17,22,train,train,val
2012-04-29,2012-W17,22,train,train,val
2012-04-30,2012-W18,22,train,val,val
2012-05-01,2012-W18,22,train,val,val
2012-05-02,2012-W18,18,train,val,val
2012-05-03,2012-W18,22,val,val,val
2012-05-04,2012-W18,22,train,val,val
2012-05-05,2012-W18,22,test,val,val
2012-05-06,2012-W18,22,train,val,val
2012-05-07,2012-W19,22,train,train,val
2012-05-08,2012-W19,22,train,train,val
2012-05-09,2012-W19,22,train,train,val
2012-05-10,2012-W19,22,train,train,val
2012-05-11,2012-W19,22,train,train,val
2012-05-12,2012-W19,22,train,train,val
2012-05-13,2012-W19,22,train,train,val
2012-05-14,2012-W20,22,train,train,val
2012-05-15,2012-W20,22,train,train,val
2012-05-16,2012-W20,22,val,train,val
2012-05-17,2012-W20,21,val,train,val
2012-05-18,2012-W20,22,train,train,val
2012-05-19,2012-W20,22,val,train,val
2012-05-20,2012-W20,22,train,train,val
2012-05-21,2012-W21,22,val,train,val
2012-05-22,2012-W21,22,train,train,val
2012-05-23,2012-W21,22,train,train,val
2012-05-24,2012-W21,22,val,train,val
2012-05-25,2012-W21,22,test,train,val
2012-05-26,2012-W21,22,test,train,val
2012-05-27,2012-W21,22,train,train,val
2012-05-28,2012-W22,22,train,train,val
2012-05-29,2012-W22,22,test,train,val
2012-05-30,2012-W22,22,train,train,val
2012-05-31,2012-W22,22,train,train,val
2012-06-01,2012-W22,22,train,train,val
2012-06-02,2012-W22,22,val,train,val
2012-06-03,2012-W22,22,train,train,val
2012-06-04,2012-W23,22,train,val,val
2012-06-05,2012-W23,22,train,val,val
2012-06-06,2012-W23,22,train,val,val
2012-06-07,2012-W23,22,train,val,val
2012-06-08,2012-W23,22,train,val,val
2012-06-09,2012-W23,22,train,val,val
2012-06-10,2012-W23,22,train,val,val
2012-06-11,2012-W24,22,train,train,val
2012-06-12,2012-W24,22,test,train,val
2012-06-13,2012-W24,22,train,train,val
2012-06-14,2012-W24,22,train,train,val
2012-06-15,2012-W24,22,test,train,val
2012-06-16,2012-W24,22,train,train,val
2012-06-17,2012-W24,22,train,train,val
2012-06-18,2012-W25,22,train,test,val
2012-06-19,2012-W25,22,train,test,val
2012-06-20,2012-W25,22,train,test,val
2012-06-21,2012-W25,22,train,test,val
2012-06-22,2012-W25,22,train,test,val
2012-06-23,2012-W25,22,train,test,val
2012-06-24,2012-W25,22,train,test,val
2012-06-25,2012-W26,22,train,train,val
2012-06-26,2012-W26,22,train,train,val
2012-06-27,2012-W26,22,train,train,val
2012-06-28,2012-W26,22,test,train,val
2012-06-29,2012-W26,22,train,train,val
2012-06-30,2012-W26,22,train,train,val
2012-07-01,2012-W26,22,train,train,val
2012-07-02,2012-W27,22,train,train,val
2012-07-03,2012-W27,22,train,train,val
2012-07-04,2012-W27,22,test,train,val
2012-07-05,2012-W27,22,train,train,val
2012-07-06,2012-W27,22,test,train,val
2012-07-07,2012-W27,22,test,train,val
2012-07-08,2012-W27,22,train,train,val
2012-07-09,2012-W28,22,train,train,val
2012-07-10,2012-W28,22,train,train,val
2012-07-11,2012-W28,22,test,train,val
2012-07-12,2012-W28,22,test,train,val
2012-07-13,2012-W28,22,train,train,val
2012-07-14,2012-W28,22,test,train,val
2012-07-15,2012-W28,22,train,train,val
2012-07-16,2012-W29,22,train,train,val
2012-07-17,2012-W29,22,train,train,val
2012-07-18,2012-W29,22,train,train,val
2012-07-19,2012-W29,22,train,train,val
2012-07-20,2012-W29,22,train,train,val
2012-07-21,2012-W29,22,train,train,val
2012-07-22,2012-W29,22,train,train,val
2012-07-23,2012-W30,14,train,train,val
2012-08-06,2012-W32,11,train,train,val
2012-08-07,2012-W32,4,train,train,val
2012-09-10,2012-W37,11,train,train,val
2012-09-11,2012-W37,11,train,train,val
2012-09-12,2012-W37,11,val,train,val
2012-09-13,2012-W37,11,val,train,val
2012-09-14,2012-W37,11,train,train,val
2012-09-15,2012-W37,11,train,train,val
2012-09-16,2012-W37,11,train,train,val
2012-09-17,2012-W38,11,train,train,val
2012-09-18,2012-W38,11,train,train,val
2012-09-19,2012-W38,11,test,train,val
2012-09-20,2012-W38,10,test,train,val
2012-09-21,2012-W38,11,train,train,val
2012-09-22,2012-W38,1,train,train,val
2012-10-12,2012-W41,2,val,val,val
2012-10-13,2012-W41,22,val,val,val
2012-10-14,2012-W41,22,train,val,val
2012-10-15,2012-W42,22,train,val,val
2012-10-16,2012-W42,22,test,val,val
2012-10-17,2012-W42,22,val,val,val
2012-10-18,2012-W42,22,test,val,val
2012-10-19,2012-W42,22,train,val,val
2012-10-20,2012-W42,22,train,val,val
2012-10-21,2012-W42,22,train,val,val
2012-10-22,2012-W43,22,val,train,val
2012-10-23,2012-W43,22,train,train,val
2012-10-24,2012-W43,22,val,train,val
2012-10-25,2012-W43,22,train,train,val
2012-10-26,2012-W43,22,val,train,val
2012-10-27,2012-W43,22,test,train,val
2012-10-28,2012-W43,22,train,train,val
2012-10-29,2012-W44,22,train,val,val
2012-10-30,2012-W44,22,val,val,val
2012-10-31,2012-W44,22,train,val,val
2012-11-01,2012-W44,21,train,val,val
2012-11-02,2012-W44,22,test,val,val
2012-11-03,2012-W44,22,val,val,val
2012-11-04,2012-W44,22,train,val,val
2012-11-05,2012-W45,22,train,test,val
2012-11-06,2012-W45,22,train,test,val
2012-11-07,2012-W45,22,val,test,val
2012-11-08,2012-W45,22,train,test,val
2012-11-09,2012-W45,22,test,test,val
2012-11-10,2012-W45,22,train,test,val
2012-11-11,2012-W45,22,train,test,val
2012-11-12,2012-W46,22,test,train,val
2012-11-13,2012-W46,22,train,train,val
2012-11-14,2012-W46,22,train,train,val
2012-11-15,2012-W46,22,train,train,val
2012-11-16,2012-W46,22,test,train,val
2012-11-17,2012-W46,14,test,train,val
2012-11-18,2012-W46,11,train,train,val
2012-11-19,2012-W47,11,val,train,val
2012-11-20,2012-W47,11,train,train,val
2012-11-21,2012-W47,11,val,train,val
2012-11-22,2012-W47,11,val,train,val
2012-11-23,2012-W47,11,val,train,val
2012-11-24,2012-W47,11,train,train,val
2012-11-25,2012-W47,11,train,train,val
2012-11-26,2012-W48,11,train,train,val
2012-11-27,2012-W48,11,test,train,val
2012-11-28,2012-W48,11,test,train,val
2012-11-29,2012-W48,11,val,train,val
2012-11-30,2012-W48,11,train,train,val
2012-12-01,2012-W48,2,train,train,val
2012-12-27,2012-W52,12,val,train,val
2012-12-28,2012-W52,22,train,train,val
2013-01-04,2013-W01,14,train,train,test
2013-01-14,2013-W03,12,train,val,test
2013-01-15,2013-W03,22,test,val,test
2013-01-16,2013-W03,22,train,val,test
2013-01-17,2013-W03,22,test,val,test
2013-01-18,2013-W03,22,train,val,test
2013-01-19,2013-W03,22,test,val,test
2013-01-20,2013-W03,22,train,val,test
2013-01-21,2013-W04,22,train,train,test
2013-01-22,2013-W04,22,train,train,test
2013-01-23,2013-W04,22,val,train,test
2013-01-24,2013-W04,22,train,train,test
2013-01-25,2013-W04,22,train,train,test
2013-01-26,2013-W04,8,val,train,test
2013-01-28,2013-W05,18,train,train,test
2013-07-31,2013-W31,22,val,train,test
2013-08-01,2013-W31,22,train,train,test
2013-08-02,2013-W31,22,train,train,test
2013-08-03,2013-W31,22,train,train,test
2013-08-04,2013-W31,22,train,train,test
2013-08-05,2013-W32,22,test,train,test
2013-08-06,2013-W32,22,train,train,test
2013-08-07,2013-W32,22,val,train,test
2013-08-08,2013-W32,22,train,train,test
2013-08-09,2013-W32,22,test,train,test
2013-08-10,2013-W32,22,train,train,test
2013-08-11,2013-W32,22,train,train,test
2013-08-12,2013-W33,22,test,train,test
2013-08-13,2013-W33,15,val,train,test
2013-08-14,2013-W33,22,train,train,test
2013-08-15,2013-W33,22,train,train,test
2013-08-16,2013-W33,21,train,train,test
2013-08-17,2013-W33,22,train,train,test
2013-08-18,2013-W33,22,val,train,test
2013-08-19,2013-W34,22,train,train,test
2013-08-20,2013-W34,22,val,train,test
2013-08-21,2013-W34,22,train,train,test
2013-08-22,2013-W34,21,train,train,test
2013-08-23,2013-W34,22,val,train,test
2013-08-24,2013-W34,22,test,train,test
2013-08-25,2013-W34,21,train,train,test
2013-08-26,2013-W35,22,test,train,test
2013-08-27,2013-W35,22,test,train,test
2013-08-28,2013-W35,22,train,train,test
2013-08-29,2013-W35,17,train,train,test
2013-08-30,2013-W35,22,train,train,test
2013-08-31,2013-W35,22,train,train,test
2013-09-01,2013-W35,22,test,train,test
2013-09-02,2013-W36,22,train,train,test
2013-09-03,2013-W36,22,train,train,test
2013-09-04,2013-W36,22,train,train,test
2013-09-05,2013-W36,22,train,train,test
2013-09-06,2013-W36,22,train,train,test
2013-09-07,2013-W36,22,train,train,test
2013-09-08,2013-W36,22,train,train,test
2013-09-09,2013-W37,22,train,test,test
2013-09-10,2013-W37,22,train,test,test
2013-09-11,2013-W37,22,train,test,test
2013-09-12,2013-W37,22,train,test,test
2013-09-13,2013-W37,22,train,test,test
2013-09-14,2013-W37,22,train,test,test
2013-09-15,2013-W37,22,train,test,test
2013-09-16,2013-W38,22,train,train,test
2013-09-17,2013-W38,22,train,train,test
2013-09-18,2013-W38,22,val,train,test
2013-09-19,2013-W38,18,train,train,test
2013-09-20,2013-W38,20,val,train,test
2013-09-21,2013-W38,22,val,train,test
2013-09-22,2013-W38,22,train,train,test
2013-09-23,2013-W39,22,test,val,test
2013-09-24,2013-W39,22,train,val,test
2013-09-25,2013-W39,21,train,val,test
2013-09-26,2013-W39,22,val,val,test
2013-09-27,2013-W39,22,train,val,test
2013-09-28,2013-W39,22,test,val,test
2013-09-29,2013-W39,21,train,val,test
2013-09-30,2013-W40,22,val,val,test
2013-10-01,2013-W40,22,train,val,test
2013-10-02,2013-W40,22,test,val,test
2013-10-03,2013-W40,22,train,val,test
2013-10-04,2013-W40,22,train,val,test
2013-10-05,2013-W40,22,train,val,test
2013-10-06,2013-W40,22,train,val,test
2013-10-07,2013-W41,22,train,train,test
2013-10-08,2013-W41,21,train,train,test
2013-10-09,2013-W41,22,train,train,test
2013-10-10,2013-W41,22,val,train,test
2013-10-11,2013-W41,22,train,train,test
2013-10-12,2013-W41,10,train,train,test
2013-10-13,2013-W41,22,train,train,test
2013-10-14,2013-W42,22,train,train,test
