station_id,camera_name,latitude,longitude,latest_image,latest_image_url,image_width,image_height,snapshot_utc
41002,SOUTH HATTERAS - 225 NM South of Cape Hatteras,31.743,-74.955,Z24A_2026_09_26_0010.jpg,https://www.ndbc.noaa.gov/images/buoycam/Z24A_2026_09_26_0010.jpg,2880.0,300.0,2026-09-26 01:12:36+00:00
41004,"EDISTO - 41 NM Southeast of Charleston, SC",32.502,-79.099,Z20A_2026_09_26_0010.jpg,https://www.ndbc.noaa.gov/images/buoycam/Z20A_2026_09_26_0010.jpg,2880.0,300.0,2026-09-26 01:12:36+00:00
41009,"CANAVERAL 20 NM East of Cape Canaveral, FL",28.508,-80.185,X02A_2026_09_26_0010.jpg,https://www.ndbc.noaa.gov/images/buoycam/X02A_2026_09_26_0010.jpg,2880.0,300.0,2026-09-26 01:12:36+00:00
41010,CANAVERAL EAST - 120NM East of Cape Canaveral,28.86,-78.478,W04A_2026_09_26_0010.jpg,https://www.ndbc.noaa.gov/images/buoycam/W04A_2026_09_26_0010.jpg,2880.0,300.0,2026-09-26 01:12:36+00:00
41013,"Frying Pan Shoals, NC",33.436,-77.764,,,,,2026-09-26 01:12:36+00:00
41025,"Diamond Shoals, NC",35.026,-75.38,Z81A_2026_09_26_0010.jpg,https://www.ndbc.noaa.gov/images/buoycam/Z81A_2026_09_26_0010.jpg,2880.0,300.0,2026-09-26 01:12:36+00:00
41040,NORTH EQUATORIAL ONE- 470 NM East of Martinique,14.568,-53.037,W98A_2026_09_26_0010.jpg,https://www.ndbc.noaa.gov/images/buoycam/W98A_2026_09_26_0010.jpg,2880.0,300.0,2026-09-26 01:12:36+00:00
41041,NORTH EQUATORIAL TWO - 890 NM East of Martinique ,14.259,-46.052,W78A_2026_09_26_0010.jpg,https://www.ndbc.noaa.gov/images/buoycam/W78A_2026_09_26_0010.jpg,2880.0,300.0,2026-09-26 01:12:36+00:00
41043,"NE PUERTO RICO - 170 NM NNE of San Juan, PR",21.09,-64.864,W43A_2026_09_26_0010.jpg,https://www.ndbc.noaa.gov/images/buoycam/W43A_2026_09_26_0010.jpg,2880.0,300.0,2026-09-26 01:12:36+00:00
41044,NE ST MARTIN - 330 NM NE St Martin Is,21.582,-58.63,Z75A_2026_09_26_0010.jpg,https://www.ndbc.noaa.gov/images/buoycam/Z75A_2026_09_26_0010.jpg,2880.0,300.0,2026-09-26 01:12:36+00:00
41046,"EAST BAHAMAS - 335 NM East of San Salvador Is,  Bahamas ",23.84,-68.34,Z71A_2026_09_26_0010.jpg,https://www.ndbc.noaa.gov/images/buoycam/Z71A_2026_09_26_0010.jpg,2880.0,300.0,2026-09-26 01:12:36+00:00
41047,"NE BAHAMAS - 350 NM ENE of Nassau, Bahamas",27.557,-71.48,Z94A_2026_09_26_0010.jpg,https://www.ndbc.noaa.gov/images/buoycam/Z94A_2026_09_26_0010.jpg,2880.0,300.0,2026-09-26 01:12:36+00:00
41048,WEST BERMUDA - 240 NM West of Bermuda,31.878,-69.722,,,,,2026-09-26 01:12:36+00:00
41049,SOUTH BERMUDA - 300 NM SSE of Bermuda,27.505,-62.271,W63A_2026_09_26_0010.jpg,https://www.ndbc.noaa.gov/images/buoycam/W63A_2026_09_26_0010.jpg,2880.0,300.0,2026-09-26 01:12:36+00:00
42001,"MID GULF - 180 nm South of Southwest Pass, LA",25.922,-89.638,Z15A_2026_09_26_0010.jpg,https://www.ndbc.noaa.gov/images/buoycam/Z15A_2026_09_26_0010.jpg,2880.0,300.0,2026-09-26 01:12:36+00:00
42002,"WEST GULF - 207 NM East of Brownsville, TX",25.95,-93.78,Z49A_2026_09_26_0010.jpg,https://www.ndbc.noaa.gov/images/buoycam/Z49A_2026_09_26_0010.jpg,2880.0,300.0,2026-09-26 01:12:36+00:00
42003,"East GULF - 208 NM West of Naples, FL",25.925,-85.616,,,,,2026-09-26 01:12:36+00:00
42020,"CORPUS CHRISTI, TX - 60NM SSE of Corpus Christi, TX",26.97,-96.679,,,,,2026-09-26 01:12:36+00:00
42035,"GALVESTON,TX -  22 NM East of Galveston, TX",29.235,-94.41,Z29A_2026_09_26_0010.jpg,https://www.ndbc.noaa.gov/images/buoycam/Z29A_2026_09_26_0010.jpg,2880.0,300.0,2026-09-26 01:12:36+00:00
42036,"WEST TAMPA  - 112 NM WNW of Tampa, FL",28.5,-84.505,Z88A_2026_09_26_0010.jpg,https://www.ndbc.noaa.gov/images/buoycam/Z88A_2026_09_26_0010.jpg,2880.0,300.0,2026-09-26 01:12:36+00:00
42039,"PENSACOLA - 115NM SSE of Pensacola, FL",28.768,-86.024,Z80A_2026_09_26_0010.jpg,https://www.ndbc.noaa.gov/images/buoycam/Z80A_2026_09_26_0010.jpg,2880.0,300.0,2026-09-26 01:12:36+00:00
42055,"BAY OF CAMPECHE - 214 NM NE of Veracruz, MX",22.14,-94.112,Z76A_2026_09_26_0010.jpg,https://www.ndbc.noaa.gov/images/buoycam/Z76A_2026_09_26_0010.jpg,2880.0,300.0,2026-09-26 01:12:36+00:00
42056," Yucatan Basin - 120 NM ESE of Cozumel, MX",19.82,-84.98,Z12A_2026_09_26_0010.jpg,https://www.ndbc.noaa.gov/images/buoycam/Z12A_2026_09_26_0010.jpg,2880.0,300.0,2026-09-26 01:12:36+00:00
42057,"Western Caribbean - 195 NM WSW of Negril, Jamaica",16.975,-81.578,Z25A_2026_09_26_0010.jpg,https://www.ndbc.noaa.gov/images/buoycam/Z25A_2026_09_26_0010.jpg,2880.0,300.0,2026-09-26 01:12:36+00:00
42058,"Central Caribbean - 210 NM SSE of Kingston, Jamaica",14.114,-75.949,X03A_2026_09_26_0010.jpg,https://www.ndbc.noaa.gov/images/buoycam/X03A_2026_09_26_0010.jpg,2880.0,300.0,2026-09-26 01:12:36+00:00
42060,Caribbean Valley - 63 NM WSW of Montserrat,16.428,-63.21,W21A_2026_09_26_0010.jpg,https://www.ndbc.noaa.gov/images/buoycam/W21A_2026_09_26_0010.jpg,2880.0,300.0,2026-09-26 01:12:36+00:00
44007,"PORTLAND - 12 NM Southeast of Portland,ME",43.525,-70.14,W30A_2026_09_26_0010.jpg,https://www.ndbc.noaa.gov/images/buoycam/W30A_2026_09_26_0010.jpg,2880.0,300.0,2026-09-26 01:12:36+00:00
44008,NANTUCKET 54 NM Southeast of Nantucket,40.5,-69.254,W19A_2026_09_26_0010.jpg,https://www.ndbc.noaa.gov/images/buoycam/W19A_2026_09_26_0010.jpg,2304.0,246.0,2026-09-26 01:12:36+00:00
44009,"DELAWARE BAY 26 NM Southeast of Cape May, NJ",38.46,-74.692,,,,,2026-09-26 01:12:36+00:00
44011,"GEORGES BANK 170 NM East of Hyannis, MA",41.088,-66.546,Z97A_2026_09_26_0010.jpg,https://www.ndbc.noaa.gov/images/buoycam/Z97A_2026_09_26_0010.jpg,2880.0,300.0,2026-09-26 01:12:36+00:00
44013,"BOSTON 16 NM East of Boston, MA",42.346,-70.651,Z03A_2026_09_26_0010.jpg,https://www.ndbc.noaa.gov/images/buoycam/Z03A_2026_09_26_0010.jpg,2880.0,300.0,2026-09-26 01:12:36+00:00
44014,"VIRGINIA BEACH 64 NM East of Virginia Beach, VA",36.603,-74.837,Z78A_2026_09_26_0010.jpg,https://www.ndbc.noaa.gov/images/buoycam/Z78A_2026_09_26_0010.jpg,2880.0,300.0,2026-09-26 01:12:36+00:00
44020,NANTUCKET SOUND,41.497,-70.283,W61A_2026_09_26_0010.jpg,https://www.ndbc.noaa.gov/images/buoycam/W61A_2026_09_26_0010.jpg,2880.0,300.0,2026-09-26 01:12:36+00:00
44025,"LONG ISLAND - 30 NM South of Islip, NY",40.258,-73.175,,,,,2026-09-26 01:12:36+00:00
44027,"Jonesport, ME - 20 NM SE of Jonesport, ME",44.284,-67.301,Z70A_2026_09_26_0010.jpg,https://www.ndbc.noaa.gov/images/buoycam/Z70A_2026_09_26_0010.jpg,2880.0,300.0,2026-09-26 01:12:36+00:00
44065,"New York Harbor Entrance - 15 NM SE of Breezy Point , NY",40.368,-73.701,W95A_2026_09_26_0010.jpg,https://www.ndbc.noaa.gov/images/buoycam/W95A_2026_09_26_0010.jpg,2880.0,300.0,2026-09-26 01:12:36+00:00
45001,"MID SUPERIOR- 60 NM North Northeast Hancock, MI",48.061,-87.793,,,,,2026-09-26 01:12:36+00:00
45002,NORTH MICHIGAN- Halfway between North Manitou and Washington Islands.,45.344,-86.411,Z82A_2026_09_26_0010.jpg,https://www.ndbc.noaa.gov/images/buoycam/Z82A_2026_09_26_0010.jpg,2880.0,300.0,2026-09-26 01:12:36+00:00
45004,"EAST SUPERIOR -70 NM NE Marquette, MI",47.583,-86.586,Z89A_2026_09_26_0010.jpg,https://www.ndbc.noaa.gov/images/buoycam/Z89A_2026_09_26_0010.jpg,2880.0,300.0,2026-09-26 01:12:36+00:00
45006,"WEST SUPERIOR - 30NM NE of Outer Island, WI",47.335,-89.793,Z63A_2026_09_26_0010.jpg,https://www.ndbc.noaa.gov/images/buoycam/Z63A_2026_09_26_0010.jpg,2880.0,300.0,2026-09-26 01:12:36+00:00
45012,"EAST Lake America  - 20NM North Northeast of Rochester, NY",43.621,-77.401,Z73A_2026_09_26_0010.jpg,https://www.ndbc.noaa.gov/images/buoycam/Z73A_2026_09_26_0010.jpg,2880.0,300.0,2026-09-26 01:12:36+00:00
46001,"WESTERN GULF OF ALASKA  - 175NM SE of Kodiak, AK",56.296,-148.027,W35A_2026_09_26_0010.jpg,https://www.ndbc.noaa.gov/images/buoycam/W35A_2026_09_26_0010.jpg,2880.0,300.0,2026-09-26 01:12:36+00:00
46002,"WEST OREGON - 275NM West of Coos Bay, OR",42.56,-130.523,W86A_2026_09_26_0000.jpg,https://www.ndbc.noaa.gov/images/buoycam/W86A_2026_09_26_0000.jpg,2880.0,300.0,2026-09-26 01:12:36+00:00
46005,"WEST WASHINGTON - 300NM West of Aberdeen, WA",46.147,-131.077,W28A_2026_09_26_0010.jpg,https://www.ndbc.noaa.gov/images/buoycam/W28A_2026_09_26_0010.jpg,2880.0,300.0,2026-09-26 01:12:36+00:00
46006,"SOUTHEAST PAPA - 600NM West of Eureka, CA",40.73,-137.42,W67A_2026_09_26_0010.jpg,https://www.ndbc.noaa.gov/images/buoycam/W67A_2026_09_26_0010.jpg,2880.0,300.0,2026-09-26 01:12:36+00:00
46011,"SANTA MARIA - 21NM NW of Point Arguello, CA",34.937,-120.999,W74A_2026_09_26_0000.jpg,https://www.ndbc.noaa.gov/images/buoycam/W74A_2026_09_26_0000.jpg,2880.0,300.0,2026-09-26 01:12:36+00:00
46013,"BODEGA BAY - 48NM NW of San Francisco, CA",38.235,-123.317,W10A_2026_09_26_0010.jpg,https://www.ndbc.noaa.gov/images/buoycam/W10A_2026_09_26_0010.jpg,2880.0,300.0,2026-09-26 01:12:36+00:00
46014,"PT ARENA - 19NM North of Point Arena, CA",39.225,-123.98,Z10A_2026_09_26_0010.jpg,https://www.ndbc.noaa.gov/images/buoycam/Z10A_2026_09_26_0010.jpg,2880.0,300.0,2026-09-26 01:12:36+00:00
46015,"PORT ORFORD - 15 NM West of Port Orford, OR",42.754,-124.839,W55A_2026_09_26_0010.jpg,https://www.ndbc.noaa.gov/images/buoycam/W55A_2026_09_26_0010.jpg,2880.0,300.0,2026-09-26 01:12:36+00:00
46022,"EEL RIVER - 17NM WSW of Eureka, CA",40.716,-124.54,Z35A_2026_09_26_0010.jpg,https://www.ndbc.noaa.gov/images/buoycam/Z35A_2026_09_26_0010.jpg,2880.0,300.0,2026-09-26 01:12:36+00:00
46025,"Santa Monica Basin - 33NM WSW of Santa Monica, CA",33.765,-119.077,Z90A_2026_09_26_0010.jpg,https://www.ndbc.noaa.gov/images/buoycam/Z90A_2026_09_26_0010.jpg,2880.0,300.0,2026-09-26 01:12:36+00:00
46026,"SAN FRANCISCO - 18NM West of San Francisco, CA",37.75,-122.838,W49A_2026_09_26_0010.jpg,https://www.ndbc.noaa.gov/images/buoycam/W49A_2026_09_26_0010.jpg,2880.0,300.0,2026-09-26 01:12:36+00:00
46027,"ST GEORGES - 8 NM NW of Crescent City, CA",41.84,-124.382,Z59A_2026_09_26_0010.jpg,https://www.ndbc.noaa.gov/images/buoycam/Z59A_2026_09_26_0010.jpg,2880.0,300.0,2026-09-26 01:12:36+00:00
46028,"CAPE SAN MARTIN - 55NM West NW of Morro Bay, CA",35.763,-121.9,,,,,2026-09-26 01:12:36+00:00
46029,COLUMBIA RIVER BAR - 20NM West of Columbia River Mouth,46.148,-124.508,Z58A_2026_09_26_0010.jpg,https://www.ndbc.noaa.gov/images/buoycam/Z58A_2026_09_26_0010.jpg,2880.0,300.0,2026-09-26 01:12:36+00:00
46035,"CENTRAL BERING SEA - 310 NM North of Adak, AK",57.034,-177.468,X06A_2026_09_26_0010.jpg,https://www.ndbc.noaa.gov/images/buoycam/X06A_2026_09_26_0010.jpg,2880.0,300.0,2026-09-26 01:12:36+00:00
46041,"CAPE ELIZABETH - 45NM NW of Aberdeen, WA",47.351,-124.741,W20A_2026_09_26_0010.jpg,https://www.ndbc.noaa.gov/images/buoycam/W20A_2026_09_26_0010.jpg,2880.0,300.0,2026-09-26 01:12:36+00:00
46042,"MONTEREY - 27NM WNW of Monterey, CA",36.787,-122.408,Z85A_2026_09_26_0010.jpg,https://www.ndbc.noaa.gov/images/buoycam/Z85A_2026_09_26_0010.jpg,2880.0,300.0,2026-09-26 01:12:36+00:00
46047,"TANNER BANK - 121 NM West of San Diego, CA",32.418,-119.535,Z17A_2026_09_26_0010.jpg,https://www.ndbc.noaa.gov/images/buoycam/Z17A_2026_09_26_0010.jpg,2880.0,300.0,2026-09-26 01:12:36+00:00
46050,"STONEWALL BANK - 20NM West of Newport, OR",44.679,-124.535,Z69A_2026_09_26_0010.jpg,https://www.ndbc.noaa.gov/images/buoycam/Z69A_2026_09_26_0010.jpg,2880.0,300.0,2026-09-26 01:12:36+00:00
46053,"EAST SANTA BARBARA  - 12NM Southwest of Santa Barbara, CA",34.246,-119.842,W06A_2026_09_26_0010.jpg,https://www.ndbc.noaa.gov/images/buoycam/W06A_2026_09_26_0010.jpg,2880.0,300.0,2026-09-26 01:12:36+00:00
46054,"WEST SANTA BARBARA  38 NM West of Santa Barbara, CA",34.274,-120.468,,,,,2026-09-26 01:12:36+00:00
46059,"WEST CALIFORNIA - 357NM West of San Francisco, CA",38.067,-129.895,Z68A_2026_09_26_0010.jpg,https://www.ndbc.noaa.gov/images/buoycam/Z68A_2026_09_26_0010.jpg,2880.0,300.0,2026-09-26 01:12:36+00:00
46060,"WEST ORCA BAY - 8NM NW of Hinchinbrook Is., AK",60.571,-146.795,W85A_2026_09_26_0010.jpg,https://www.ndbc.noaa.gov/images/buoycam/W85A_2026_09_26_0010.jpg,2880.0,300.0,2026-09-26 01:12:36+00:00
46061,"Seal Rocks - Between Montague and Hinchinbrook Islands, AK",60.23,-146.837,Z40A_2026_09_26_0010.jpg,https://www.ndbc.noaa.gov/images/buoycam/Z40A_2026_09_26_0010.jpg,2880.0,300.0,2026-09-26 01:12:36+00:00
46066,"SOUTH KODIAK - 310NM SSW of Kodiak, AK",52.776,-154.992,X04A_2026_09_26_0010.jpg,https://www.ndbc.noaa.gov/images/buoycam/X04A_2026_09_26_0010.jpg,2880.0,300.0,2026-09-26 01:12:36+00:00
46069,"SOUTH SANTA ROSA - 14 NM SW of Santa Rosa Island, CA",33.657,-120.227,W46A_2026_09_26_0010.jpg,https://www.ndbc.noaa.gov/images/buoycam/W46A_2026_09_26_0010.jpg,2880.0,300.0,2026-09-26 01:12:36+00:00
46070,"SOUTHWEST BERING SEA - 142NM NNE OF ATTU IS, AK",55.048,175.246,,,,,2026-09-26 01:12:36+00:00
46071,"WESTERN ALEUTIANS - 14NM SOUTH OF AMCHITKA IS, AK ",51.035,179.808,W58A_2026_09_26_0010.jpg,https://www.ndbc.noaa.gov/images/buoycam/W58A_2026_09_26_0010.jpg,2880.0,300.0,2026-09-26 01:12:36+00:00
46072,CENTRAL ALEUTIANS 230 NM SW Dutch Harbor,51.645,-172.145,W47A_2026_09_26_0010.jpg,https://www.ndbc.noaa.gov/images/buoycam/W47A_2026_09_26_0010.jpg,2880.0,300.0,2026-09-26 01:12:36+00:00
46073,"SOUTHEAST BERING SEA - 205 NM WNW of Dutch Harbor, AK",54.985,-171.874,W83A_2026_09_26_0010.jpg,https://www.ndbc.noaa.gov/images/buoycam/W83A_2026_09_26_0010.jpg,2880.0,300.0,2026-09-26 01:12:36+00:00
46075,"SHUMAGIN ISLANDS - 85NM South of Sand Point, AK",53.93,-160.763,Z41A_2026_09_26_0010.jpg,https://www.ndbc.noaa.gov/images/buoycam/Z41A_2026_09_26_0010.jpg,2880.0,300.0,2026-09-26 01:12:36+00:00
46076,"CAPE CLEARE - 17 NM South of Montague Is,  AK",59.508,-148.005,Z19A_2026_09_26_0010.jpg,https://www.ndbc.noaa.gov/images/buoycam/Z19A_2026_09_26_0010.jpg,2880.0,300.0,2026-09-26 01:12:36+00:00
46077,"SHELIKOF STRAIT, AK",57.869,-154.211,Z95A_2026_09_26_0010.jpg,https://www.ndbc.noaa.gov/images/buoycam/Z95A_2026_09_26_0010.jpg,2880.0,300.0,2026-09-26 01:12:36+00:00
46078,"ALBATROSS BANK - 104NM South of Kodiak Is., AK",55.561,-152.599,Z28A_2026_09_26_0010.jpg,https://www.ndbc.noaa.gov/images/buoycam/Z28A_2026_09_26_0010.jpg,2880.0,300.0,2026-09-26 01:12:36+00:00
46080,"PORTLOCK BANK - 76 NM ENE of Kodiak, AK",57.91,-150.129,W90A_2026_09_26_0010.jpg,https://www.ndbc.noaa.gov/images/buoycam/W90A_2026_09_26_0010.jpg,2880.0,300.0,2026-09-26 01:12:36+00:00
46081,Western Prince William Sound,60.802,-148.283,Z91A_2026_09_26_0010.jpg,https://www.ndbc.noaa.gov/images/buoycam/Z91A_2026_09_26_0010.jpg,2880.0,300.0,2026-09-26 01:12:36+00:00
46082,"Cape Suckling - 35 NM SE of Kayak Is, AK",59.67,-143.353,Z08A_2026_09_26_0010.jpg,https://www.ndbc.noaa.gov/images/buoycam/Z08A_2026_09_26_0010.jpg,2880.0,300.0,2026-09-26 01:12:36+00:00
46083,"FAIRWEATHER GROUND - 105 NM West  of Juneau, AK",58.276,-138.024,,,,,2026-09-26 01:12:36+00:00
46084,"CAPE EDGECUMBE - 25NM SSW of Cape Edgecumbe, AK",56.614,-136.04,Z98A_2026_09_26_0010.jpg,https://www.ndbc.noaa.gov/images/buoycam/Z98A_2026_09_26_0010.jpg,2880.0,300.0,2026-09-26 01:12:36+00:00
46085,"CENTRAL GULF OF ALASKA -  265NM West of Cape Ommaney, AK",55.84,-142.895,X07A_2026_09_26_0010.jpg,https://www.ndbc.noaa.gov/images/buoycam/X07A_2026_09_26_0010.jpg,2880.0,300.0,2026-09-26 01:12:36+00:00
46086,"SAN CLEMENTE BASIN - 27NM SE Of San Clemente Is, CA",32.504,-118.029,,,,,2026-09-26 01:12:36+00:00
46087,"Neah Bay - 6 NM North of Cape Flattery, WA (Traffic Separation Lighted Buoy)",48.493,-124.727,Z57A_2026_09_26_0010.jpg,https://www.ndbc.noaa.gov/images/buoycam/Z57A_2026_09_26_0010.jpg,2880.0,300.0,2026-09-26 01:12:36+00:00
46088,"NEW DUNGENESS - 17 NM NE of Port Angeles, WA",48.332,-123.179,Z21A_2026_09_26_0010.jpg,https://www.ndbc.noaa.gov/images/buoycam/Z21A_2026_09_26_0010.jpg,2880.0,300.0,2026-09-26 01:12:36+00:00
46089,"TILLAMOOK, OR - 85 NM WNW of Tillamook, OR",45.928,-125.815,Z96A_2026_09_26_0010.jpg,https://www.ndbc.noaa.gov/images/buoycam/Z96A_2026_09_26_0010.jpg,2880.0,300.0,2026-09-26 01:12:36+00:00
51000,NORTHERN HAWAII ONE - 245NM NE of Honolulu HI,23.534,-153.752,W26A_2026_09_26_0010.jpg,https://www.ndbc.noaa.gov/images/buoycam/W26A_2026_09_26_0010.jpg,2880.0,300.0,2026-09-26 01:12:36+00:00
51001,"NORTHWESTERN HAWAII ONE - 188 NM NW of Kauai Island, HI",24.475,-162.03,W11A_2026_09_26_0010.jpg,https://www.ndbc.noaa.gov/images/buoycam/W11A_2026_09_26_0010.jpg,2880.0,300.0,2026-09-26 01:12:36+00:00
51002,"SOUTHWEST HAWAII - 215NM SSW of Hilo, HI",17.07,-157.755,W24A_2026_09_26_0000.jpg,https://www.ndbc.noaa.gov/images/buoycam/W24A_2026_09_26_0000.jpg,2880.0,300.0,2026-09-26 01:12:36+00:00
51003,"WESTERN  HAWAII - 205 NM SW of Honolulu, HI",19.151,-160.617,Z55A_2026_09_26_0010.jpg,https://www.ndbc.noaa.gov/images/buoycam/Z55A_2026_09_26_0010.jpg,2880.0,300.0,2026-09-26 01:12:36+00:00
51004,"SOUTHEAST HAWAII - 205 NM Southeast of Hilo, HI",17.504,-152.197,Z32A_2026_09_26_0010.jpg,https://www.ndbc.noaa.gov/images/buoycam/Z32A_2026_09_26_0010.jpg,2880.0,300.0,2026-09-26 01:12:36+00:00
51101,"NORTHWESTERN HAWAII TWO - 186 NM NW of Kauai Is., HI   ",24.34,-162.073,Z50A_2026_09_26_0010.jpg,https://www.ndbc.noaa.gov/images/buoycam/Z50A_2026_09_26_0010.jpg,2880.0,300.0,2026-09-26 01:12:36+00:00
