station_id_a,label_a,network_a,station_id_b,label_b,network_b,distance_km,distance_bin_km,n_hours,pearson_r,median_abs_rel_diff,p90_abs_rel_diff,systematic_pct,random_pct,best_lag_h,r_best_lag
51207,"Kaneohe Bay, HI (198)",CDIP,51210,"Kaneohe Bay, WETS, HI (225)",CDIP,0.52,"[0, 10)",3783,0.992,0.03,0.078,1.9,4.1,0,0.992
46254,"SCRIPPS Nearshore, CA (201)",CDIP,LJPC1,"La Jolla, CA (073)",CDIP,0.94,"[0, 10)",8489,0.982,0.066,0.15,4.3,8.6,0,0.982
44014,"VIRGINIA BEACH 64 NM East of Virginia Beach, VA",NDBC,44088,"Virginia Beach Offshore, VA (171)",CDIP,1.02,"[0, 10)",4952,0.995,0.054,0.11,5.3,5.0,0,0.995
46254,"SCRIPPS Nearshore, CA (201)",CDIP,46266,"Del Mar Nearshore, CA (153)",CDIP,9.96,"[0, 10)",8506,0.898,0.151,0.394,14.7,18.9,0,0.898
51202,"Mokapu Point, HI (098)",CDIP,51207,"Kaneohe Bay, HI (198)",CDIP,10.15,"[10, 20)",4256,0.959,0.108,0.22,9.9,9.5,0,0.959
46266,"Del Mar Nearshore, CA (153)",CDIP,LJPC1,"La Jolla, CA (073)",CDIP,10.22,"[10, 20)",8716,0.908,0.187,0.426,16.4,19.5,-1,0.91
46029,COLUMBIA RIVER BAR - 20NM West of Columbia River Mouth,NDBC,46248,"Astoria Canyon, OR  (179)",CDIP,10.31,"[10, 20)",7825,0.989,0.055,0.134,3.6,7.5,1,0.99
51202,"Mokapu Point, HI (098)",CDIP,51210,"Kaneohe Bay, WETS, HI (225)",CDIP,10.53,"[10, 20)",8276,0.965,0.126,0.229,11.7,8.6,0,0.965
46225,"Torrey Pines Outer, CA (100)",CDIP,46266,"Del Mar Nearshore, CA (153)",CDIP,10.79,"[10, 20)",8737,0.956,0.197,0.371,17.9,13.2,0,0.956
46266,"Del Mar Nearshore, CA (153)",CDIP,46274,"Leucadia Nearshore, CA (262)",CDIP,12.12,"[10, 20)",8683,0.96,0.077,0.2,2.9,11.8,0,0.96
46224,"Oceanside Offshore, CA (045)",CDIP,46275,"Red Beach Nearshore, CA (264)",CDIP,12.85,"[10, 20)",8745,0.958,0.141,0.27,13.1,10.2,0,0.958
46222,"San Pedro, CA (092)",CDIP,46253,"San Pedro South, CA (213)",CDIP,12.94,"[10, 20)",8643,0.939,0.096,0.245,4.9,14.6,0,0.939
46225,"Torrey Pines Outer, CA (100)",CDIP,46254,"SCRIPPS Nearshore, CA (201)",CDIP,13.65,"[10, 20)",8508,0.896,0.337,0.609,28.9,22.8,-1,0.897
46253,"San Pedro South, CA (213)",CDIP,46256,"Long Beach Channel, CA (215)",CDIP,13.9,"[10, 20)",8749,0.751,0.152,0.387,1.5,25.5,1,0.752
46222,"San Pedro, CA (092)",CDIP,46256,"Long Beach Channel, CA (215)",CDIP,14.17,"[10, 20)",8642,0.698,0.233,0.511,9.7,38.2,0,0.698
46225,"Torrey Pines Outer, CA (100)",CDIP,LJPC1,"La Jolla, CA (073)",CDIP,14.5,"[10, 20)",8719,0.902,0.368,0.663,31.1,23.3,-1,0.907
46275,"Red Beach Nearshore, CA (264)",CDIP,46277,"Green Beach Offshore, CA (271)",CDIP,15.51,"[10, 20)",4684,0.922,0.113,0.23,11.7,9.5,0,0.922
51001,"NORTHWESTERN HAWAII ONE - 188 NM NW of Kauai Island, HI",NDBC,51101,"NORTHWESTERN HAWAII TWO - 186 NM NW of Kauai Is., HI   ",NDBC,15.63,"[10, 20)",8741,0.985,0.038,0.094,0.0,5.8,0,0.985
46225,"Torrey Pines Outer, CA (100)",CDIP,46274,"Leucadia Nearshore, CA (262)",CDIP,16.04,"[10, 20)",8681,0.95,0.235,0.398,21.0,12.8,0,0.95
46026,"SAN FRANCISCO - 18NM West of San Francisco, CA",NDBC,46237,"San Francisco Bar, CA  (142)",CDIP,18.42,"[10, 20)",8661,0.954,0.152,0.316,13.5,13.8,0,0.954
46221,"Santa Monica Bay, CA (028)",CDIP,46268,"Topanga Nearshore, CA (103)",CDIP,18.93,"[10, 20)",8743,0.906,0.373,0.589,31.4,17.1,0,0.906
46224,"Oceanside Offshore, CA (045)",CDIP,46274,"Leucadia Nearshore, CA (262)",CDIP,19.57,"[10, 20)",8685,0.9,0.145,0.341,10.1,19.1,-1,0.9
51211,"Pearl Harbor Entrance, HI (233)",CDIP,51212,"Barbers Point, Kalaeloa, HI (238)",CDIP,19.89,"[10, 20)",7804,0.121,0.172,0.678,13.7,31.4,-1,0.123
46254,"SCRIPPS Nearshore, CA (201)",CDIP,46274,"Leucadia Nearshore, CA (262)",CDIP,22.01,"[20, 30)",8451,0.882,0.16,0.403,12.5,23.8,1,0.883
46274,"Leucadia Nearshore, CA (262)",CDIP,LJPC1,"La Jolla, CA (073)",CDIP,22.33,"[20, 30)",8663,0.885,0.188,0.442,14.6,24.6,-1,0.889
46225,"Torrey Pines Outer, CA (100)",CDIP,46258,"Mission Bay West, CA (220)",CDIP,22.94,"[20, 30)",8744,0.954,0.114,0.258,11.2,11.6,0,0.954
46232,"Point Loma South, CA  (191)",CDIP,46235,"Imperial Beach Nearshore, CA (155)",CDIP,24.71,"[20, 30)",8747,0.966,0.262,0.418,23.1,13.0,0,0.966
46224,"Oceanside Offshore, CA (045)",CDIP,46277,"Green Beach Offshore, CA (271)",CDIP,24.72,"[20, 30)",4682,0.892,0.075,0.195,2.4,11.6,0,0.892
46022,"EEL RIVER - 17NM WSW of Eureka, CA",NDBC,46244,"Humboldt Bay, North Spit, CA (168)",CDIP,25.2,"[20, 30)",1567,0.941,0.086,0.218,5.2,12.4,-1,0.943
46254,"SCRIPPS Nearshore, CA (201)",CDIP,46258,"Mission Bay West, CA (220)",CDIP,25.64,"[20, 30)",8514,0.863,0.441,0.737,56.6,25.3,1,0.866
46258,"Mission Bay West, CA (220)",CDIP,LJPC1,"La Jolla, CA (073)",CDIP,26.39,"[20, 30)",8724,0.871,0.478,0.778,38.6,25.7,-2,0.877
46232,"Point Loma South, CA  (191)",CDIP,46258,"Mission Bay West, CA (220)",CDIP,26.79,"[20, 30)",8747,0.961,0.083,0.208,6.4,10.7,0,0.961
41025,"Diamond Shoals, NC",NDBC,41120,"Cape Hatteras East, NC (250)",CDIP,27.21,"[20, 30)",4587,0.947,0.093,0.249,0.5,14.6,-1,0.949
46224,"Oceanside Offshore, CA (045)",CDIP,46225,"Torrey Pines Outer, CA (100)",CDIP,28.27,"[20, 30)",8742,0.909,0.123,0.352,11.9,15.9,0,0.909
51210,"Kaneohe Bay, WETS, HI (225)",CDIP,51211,"Pearl Harbor Entrance, HI (233)",CDIP,28.95,"[20, 30)",8268,0.16,0.512,1.018,40.4,38.9,-3,0.167
44086,"Nags Head, NC (243)",CDIP,44095,"Oregon Inlet, NC (192)",CDIP,29.09,"[20, 30)",8702,0.977,0.066,0.185,4.0,9.5,0,0.977
51207,"Kaneohe Bay, HI (198)",CDIP,51211,"Pearl Harbor Entrance, HI (233)",CDIP,29.32,"[20, 30)",4251,-0.008,0.618,1.171,47.1,49.1,-3,0.002
46029,COLUMBIA RIVER BAR - 20NM West of Columbia River Mouth,NDBC,46243,"Clatsop Spit, OR (162)",CDIP,30.11,"[30, 50)",7863,0.97,0.141,0.283,13.0,12.2,0,0.97
46224,"Oceanside Offshore, CA (045)",CDIP,46266,"Del Mar Nearshore, CA (153)",CDIP,30.45,"[30, 50)",8740,0.855,0.154,0.387,6.7,24.1,-1,0.857
46274,"Leucadia Nearshore, CA (262)",CDIP,46275,"Red Beach Nearshore, CA (264)",CDIP,30.84,"[30, 50)",8687,0.88,0.132,0.327,3.2,21.8,1,0.882
46258,"Mission Bay West, CA (220)",CDIP,46266,"Del Mar Nearshore, CA (153)",CDIP,31.13,"[30, 50)",8743,0.929,0.304,0.513,26.4,16.3,0,0.929
51202,"Mokapu Point, HI (098)",CDIP,51211,"Pearl Harbor Entrance, HI (233)",CDIP,31.59,"[30, 50)",8742,0.262,0.612,1.081,46.9,34.7,-3,0.268
44009,"DELAWARE BAY 26 NM Southeast of Cape May, NJ",NDBC,44084,"Bethany Beach, DE (263)",CDIP,31.81,"[30, 50)",8630,0.874,0.351,0.663,29.8,22.2,2,0.883
46011,"SANTA MARIA - 21NM NW of Point Arguello, CA",NDBC,46215,"Diablo Canyon, CA (076)",CDIP,32.31,"[30, 50)",8690,0.948,0.278,0.441,24.4,13.7,0,0.948
44086,"Nags Head, NC (243)",CDIP,44100,"Duck FRF 26m, NC (430)",CDIP,32.39,"[30, 50)",8699,0.98,0.092,0.213,8.0,9.3,0,0.98
46235,"Imperial Beach Nearshore, CA (155)",CDIP,LJPC1,"La Jolla, CA (073)",CDIP,34.04,"[30, 50)",8722,0.892,0.299,0.551,26.0,21.2,-1,0.892
46235,"Imperial Beach Nearshore, CA (155)",CDIP,46254,"SCRIPPS Nearshore, CA (201)",CDIP,34.38,"[30, 50)",8513,0.868,0.248,0.53,22.0,21.5,0,0.868
46054,"WEST SANTA BARBARA  38 NM West of Santa Barbara, CA",NDBC,46218,"Harvest, CA (071)",CDIP,34.81,"[30, 50)",8738,0.96,0.102,0.241,9.4,12.0,1,0.963
46013,"BODEGA BAY - 48NM NW of San Francisco, CA",NDBC,46214,"Point Reyes, CA (029)",CDIP,34.89,"[30, 50)",8735,0.954,0.137,0.293,14.1,12.9,0,0.954
46088,"NEW DUNGENESS - 17 NM NE of Port Angeles, WA",NDBC,46267,"Angeles Point, WA (248)",CDIP,35.95,"[30, 50)",7635,0.5,0.514,1.214,51.7,100.1,-1,0.501
41009,"CANAVERAL 20 NM East of Cape Canaveral, FL",NDBC,41113,"Cape Canaveral Nearshore, FL (143)",CDIP,36.08,"[30, 50)",8491,0.912,0.459,0.733,37.3,26.5,1,0.914
52200,"Ipan, Guam (121)",CDIP,52202,"Ritidian Point, Guam (196)",CDIP,36.56,"[30, 50)",3442,0.686,0.081,0.29,2.9,12.9,-3,0.702
46235,"Imperial Beach Nearshore, CA (155)",CDIP,46258,"Mission Bay West, CA (220)",CDIP,36.99,"[30, 50)",8748,0.948,0.193,0.376,21.3,15.3,1,0.949
46060,"WEST ORCA BAY - 8NM NW of Hinchinbrook Is., AK",NDBC,46061,"Seal Rocks - Between Montague and Hinchinbrook Islands, AK",NDBC,37.99,"[30, 50)",3861,0.797,0.769,1.078,125.0,34.7,2,0.817
44020,NANTUCKET SOUND,NDBC,44090,"Cape Cod Bay, MA (221)",CDIP,38.33,"[30, 50)",8179,0.728,0.376,0.825,5.3,74.3,-1,0.729
51201,"Waimea Bay, HI (106)",CDIP,51212,"Barbers Point, Kalaeloa, HI (238)",CDIP,38.83,"[30, 50)",5365,0.699,0.295,0.723,24.3,37.8,0,0.699
44087,"Thimble Shoal, VA (240)",CDIP,44099,"Cape Henry, VA (147)",CDIP,38.85,"[30, 50)",7616,0.891,0.684,0.972,104.0,28.3,-1,0.894
46258,"Mission Bay West, CA (220)",CDIP,46274,"Leucadia Nearshore, CA (262)",CDIP,38.98,"[30, 50)",8687,0.941,0.336,0.52,28.8,14.4,0,0.941
41013,"Frying Pan Shoals, NC",NDBC,41108,"Wilmington Harbor, NC - (200)",CDIP,39.18,"[30, 50)",8735,0.9,0.28,0.534,24.5,23.8,0,0.9
46224,"Oceanside Offshore, CA (045)",CDIP,46254,"SCRIPPS Nearshore, CA (201)",CDIP,39.41,"[30, 50)",8512,0.827,0.233,0.57,18.7,33.0,-1,0.833
46224,"Oceanside Offshore, CA (045)",CDIP,LJPC1,"La Jolla, CA (073)",CDIP,39.97,"[30, 50)",8721,0.801,0.268,0.64,21.9,36.2,-2,0.813
46243,"Clatsop Spit, OR (162)",CDIP,46248,"Astoria Canyon, OR  (179)",CDIP,40.39,"[30, 50)",8008,0.965,0.17,0.326,18.5,12.1,1,0.968
46221,"Santa Monica Bay, CA (028)",CDIP,46222,"San Pedro, CA (092)",CDIP,40.77,"[30, 50)",8640,0.922,0.124,0.292,5.8,18.3,-1,0.924
46225,"Torrey Pines Outer, CA (100)",CDIP,46275,"Red Beach Nearshore, CA (264)",CDIP,41.11,"[30, 50)",8742,0.892,0.26,0.495,23.0,18.9,1,0.894
46025,"Santa Monica Basin - 33NM WSW of Santa Monica, CA",NDBC,46221,"Santa Monica Bay, CA (028)",CDIP,41.64,"[30, 50)",8742,0.949,0.099,0.243,6.7,13.6,-1,0.95
46232,"Point Loma South, CA  (191)",CDIP,46254,"SCRIPPS Nearshore, CA (201)",CDIP,41.74,"[30, 50)",8512,0.857,0.513,0.792,40.8,24.5,0,0.857
46232,"Point Loma South, CA  (191)",CDIP,LJPC1,"La Jolla, CA (073)",CDIP,41.97,"[30, 50)",8721,0.876,0.552,0.824,43.2,24.8,-1,0.879
46266,"Del Mar Nearshore, CA (153)",CDIP,46275,"Red Beach Nearshore, CA (264)",CDIP,42.51,"[30, 50)",8742,0.836,0.166,0.406,6.8,26.2,1,0.839
44018,"CAPE COD - 9 NM North of Provincetown, MA",NDBC,44090,"Cape Cod Bay, MA (221)",CDIP,42.87,"[30, 50)",8182,0.79,0.75,1.362,54.5,67.4,0,0.79
51201,"Waimea Bay, HI (106)",CDIP,51210,"Kaneohe Bay, WETS, HI (225)",CDIP,43.11,"[30, 50)",5225,0.645,0.203,0.463,10.6,27.7,-3,0.653
51201,"Waimea Bay, HI (106)",CDIP,51207,"Kaneohe Bay, HI (198)",CDIP,43.56,"[30, 50)",4255,0.632,0.217,0.509,1.2,37.6,-3,0.647
44013,"BOSTON 16 NM East of Boston, MA",NDBC,44018,"CAPE COD - 9 NM North of Provincetown, MA",NDBC,43.87,"[30, 50)",8695,0.954,0.177,0.417,17.5,20.7,0,0.954
46012,"HALF MOON BAY - 24NM SSW of San Francisco, CA",NDBC,46026,"SAN FRANCISCO - 18NM West of San Francisco, CA",NDBC,43.97,"[30, 50)",1391,0.947,0.128,0.265,12.0,11.8,0,0.947
51210,"Kaneohe Bay, WETS, HI (225)",CDIP,51212,"Barbers Point, Kalaeloa, HI (238)",CDIP,44.05,"[30, 50)",7333,0.168,0.394,0.737,31.4,36.0,3,0.173
46235,"Imperial Beach Nearshore, CA (155)",CDIP,46266,"Del Mar Nearshore, CA (153)",CDIP,44.24,"[30, 50)",8741,0.95,0.133,0.291,11.3,14.8,0,0.95
46274,"Leucadia Nearshore, CA (262)",CDIP,46277,"Green Beach Offshore, CA (271)",CDIP,44.26,"[30, 50)",4624,0.699,0.179,0.424,14.3,24.3,1,0.699
46221,"Santa Monica Bay, CA (028)",CDIP,46256,"Long Beach Channel, CA (215)",CDIP,44.39,"[30, 50)",8746,0.722,0.215,0.481,13.0,31.9,0,0.722
51207,"Kaneohe Bay, HI (198)",CDIP,51212,"Barbers Point, Kalaeloa, HI (238)",CDIP,44.53,"[30, 50)",4021,0.144,0.363,0.767,27.7,44.7,3,0.162
51201,"Waimea Bay, HI (106)",CDIP,51211,"Pearl Harbor Entrance, HI (233)",CDIP,44.72,"[30, 50)",5695,-0.282,0.5,1.266,40.0,84.0,-3,-0.28
46025,"Santa Monica Basin - 33NM WSW of Santa Monica, CA",NDBC,46251,"Santa Cruz Basin, CA (203)",CDIP,45.11,"[30, 50)",8744,0.939,0.158,0.344,16.8,13.8,2,0.951
46225,"Torrey Pines Outer, CA (100)",CDIP,46235,"Imperial Beach Nearshore, CA (155)",CDIP,45.39,"[30, 50)",8743,0.933,0.126,0.304,8.5,17.4,-1,0.933
44025,"LONG ISLAND - 30 NM South of Islip, NY",NDBC,44065,"New York Harbor Entrance - 15 NM SE of Breezy Point , NY",NDBC,46.25,"[30, 50)",8425,0.943,0.174,0.388,15.7,15.8,1,0.945
46225,"Torrey Pines Outer, CA (100)",CDIP,46232,"Point Loma South, CA  (191)",CDIP,46.37,"[30, 50)",8741,0.946,0.172,0.337,18.7,12.8,0,0.946
44085,"Buzzards Bay, MA (260)",CDIP,44097,"Block Island, RI  (154)",CDIP,47.43,"[30, 50)",8297,0.915,0.285,0.611,33.1,24.0,0,0.915
46224,"Oceanside Offshore, CA (045)",CDIP,46258,"Mission Bay West, CA (220)",CDIP,47.78,"[30, 50)",8747,0.903,0.223,0.467,25.0,17.1,0,0.903
46011,"SANTA MARIA - 21NM NW of Point Arguello, CA",NDBC,46259,"Santa Lucia Escarpment, CA (222)",CDIP,48.41,"[30, 50)",8740,0.959,0.107,0.251,10.2,12.1,1,0.96
51202,"Mokapu Point, HI (098)",CDIP,51212,"Barbers Point, Kalaeloa, HI (238)",CDIP,49.51,"[30, 50)",7808,0.224,0.483,0.8,38.4,36.8,2,0.228
46256,"Long Beach Channel, CA (215)",CDIP,46268,"Topanga Nearshore, CA (103)",CDIP,49.94,"[30, 50)",8744,0.763,0.242,0.547,21.3,24.2,0,0.763
46022,"EEL RIVER - 17NM WSW of Eureka, CA",NDBC,46213,"Cape Mendocino, CA (094)",CDIP,50.42,"[50, 100)",922,0.935,0.091,0.203,5.7,12.9,0,0.935
46232,"Point Loma South, CA  (191)",CDIP,46266,"Del Mar Nearshore, CA (153)",CDIP,50.8,"[50, 100)",8740,0.933,0.375,0.566,31.6,16.3,0,0.933
46225,"Torrey Pines Outer, CA (100)",CDIP,46277,"Green Beach Offshore, CA (271)",CDIP,51.29,"[50, 100)",4682,0.734,0.131,0.39,9.7,18.6,0,0.734
46222,"San Pedro, CA (092)",CDIP,46268,"Topanga Nearshore, CA (103)",CDIP,51.51,"[50, 100)",8640,0.835,0.323,0.646,27.8,30.2,1,0.837
46254,"SCRIPPS Nearshore, CA (201)",CDIP,46275,"Red Beach Nearshore, CA (264)",CDIP,51.84,"[50, 100)",8512,0.791,0.205,0.488,6.6,36.6,2,0.801
46275,"Red Beach Nearshore, CA (264)",CDIP,LJPC1,"La Jolla, CA (073)",CDIP,52.34,"[50, 100)",8724,0.763,0.226,0.56,9.7,40.4,-2,0.78
46012,"HALF MOON BAY - 24NM SSW of San Francisco, CA",NDBC,46237,"San Francisco Bar, CA  (142)",CDIP,52.74,"[50, 100)",1386,0.893,0.263,0.467,23.2,17.6,0,0.893
46221,"Santa Monica Bay, CA (028)",CDIP,46253,"San Pedro South, CA (213)",CDIP,52.91,"[50, 100)",8748,0.901,0.13,0.318,9.6,16.9,-1,0.906
51201,"Waimea Bay, HI (106)",CDIP,51202,"Mokapu Point, HI (098)",CDIP,53.47,"[50, 100)",5699,0.61,0.277,0.54,18.9,39.4,-3,0.619
46025,"Santa Monica Basin - 33NM WSW of Santa Monica, CA",NDBC,46268,"Topanga Nearshore, CA (103)",CDIP,54.2,"[50, 100)",8741,0.879,0.452,0.695,36.8,23.5,0,0.879
41108,"Wilmington Harbor, NC - (200)",CDIP,41110,"Masonboro Inlet, ILM2, NC (150)",CDIP,54.81,"[50, 100)",7818,0.819,0.142,0.389,2.7,24.2,1,0.823
41120,"Cape Hatteras East, NC (250)",CDIP,44095,"Oregon Inlet, NC (192)",CDIP,54.86,"[50, 100)",8390,0.949,0.144,0.325,12.6,15.6,0,0.949
46266,"Del Mar Nearshore, CA (153)",CDIP,46277,"Green Beach Offshore, CA (271)",CDIP,55.02,"[50, 100)",4685,0.634,0.195,0.464,11.6,29.2,1,0.634
46253,"San Pedro South, CA (213)",CDIP,46277,"Green Beach Offshore, CA (271)",CDIP,55.37,"[50, 100)",4684,0.796,0.116,0.284,1.2,18.8,-2,0.807
46042,"MONTEREY - 27NM WNW of Monterey, CA",NDBC,46239,"Point Sur, CA (157)",CDIP,56.19,"[50, 100)",7695,0.962,0.084,0.204,4.6,12.0,-1,0.966
46235,"Imperial Beach Nearshore, CA (155)",CDIP,46274,"Leucadia Nearshore, CA (262)",CDIP,56.36,"[50, 100)",8686,0.944,0.156,0.335,13.9,16.1,1,0.945
46086,"SAN CLEMENTE BASIN - 27NM SE Of San Clemente Is, CA",NDBC,46258,"Mission Bay West, CA (220)",CDIP,56.37,"[50, 100)",8745,0.926,0.247,0.435,22.0,15.7,-1,0.927
46086,"SAN CLEMENTE BASIN - 27NM SE Of San Clemente Is, CA",NDBC,46232,"Point Loma South, CA  (191)",CDIP,56.66,"[50, 100)",8742,0.954,0.184,0.335,16.8,12.8,-1,0.957
46069,"SOUTH SANTA ROSA - 14 NM SW of Santa Rosa Island, CA",NDBC,46219,"San Nicolas Island, CA (067)",CDIP,57.17,"[50, 100)",8745,0.963,0.071,0.177,0.5,11.1,-1,0.964
46011,"SANTA MARIA - 21NM NW of Point Arguello, CA",NDBC,46218,"Harvest, CA (071)",CDIP,57.53,"[50, 100)",8747,0.963,0.082,0.202,5.0,11.7,-1,0.965
46053,"EAST SANTA BARBARA  - 12NM Southwest of Santa Barbara, CA",NDBC,46054,"WEST SANTA BARBARA  38 NM West of Santa Barbara, CA",NDBC,57.61,"[50, 100)",8731,0.902,0.517,0.731,69.8,21.1,1,0.904
46053,"EAST SANTA BARBARA  - 12NM Southwest of Santa Barbara, CA",NDBC,46251,"Santa Cruz Basin, CA (203)",CDIP,58.87,"[50, 100)",8735,0.876,0.171,0.471,11.5,26.7,0,0.876
46026,"SAN FRANCISCO - 18NM West of San Francisco, CA",NDBC,46214,"Point Reyes, CA (029)",CDIP,59.21,"[50, 100)",8744,0.943,0.238,0.422,26.9,14.8,1,0.947
46258,"Mission Bay West, CA (220)",CDIP,46275,"Red Beach Nearshore, CA (264)",CDIP,60.27,"[50, 100)",8748,0.887,0.361,0.612,30.6,20.1,0,0.887
44095,"Oregon Inlet, NC (192)",CDIP,44100,"Duck FRF 26m, NC (430)",CDIP,61.14,"[50, 100)",8740,0.956,0.136,0.326,11.9,13.1,0,0.956
46232,"Point Loma South, CA  (191)",CDIP,46274,"Leucadia Nearshore, CA (262)",CDIP,61.48,"[50, 100)",8685,0.942,0.406,0.572,33.8,13.9,0,0.942
46253,"San Pedro South, CA (213)",CDIP,46268,"Topanga Nearshore, CA (103)",CDIP,61.63,"[50, 100)",8745,0.838,0.279,0.526,24.4,21.4,1,0.841
44013,"BOSTON 16 NM East of Boston, MA",NDBC,44090,"Cape Cod Bay, MA (221)",CDIP,62.22,"[50, 100)",8156,0.713,0.649,1.27,48.9,78.5,0,0.713
41115,"Rincon, Puerto Rico (181)",CDIP,41121,"Arecibo, Puerto Rico (249)",CDIP,62.4,"[50, 100)",5600,0.806,0.324,0.689,35.9,32.4,1,0.807
46069,"SOUTH SANTA ROSA - 14 NM SW of Santa Rosa Island, CA",NDBC,46251,"Santa Cruz Basin, CA (203)",CDIP,62.49,"[50, 100)",8743,0.813,0.445,0.745,36.4,28.0,1,0.813
46254,"SCRIPPS Nearshore, CA (201)",CDIP,46277,"Green Beach Offshore, CA (271)",CDIP,63.57,"[50, 100)",4448,0.565,0.277,0.634,29.1,36.2,2,0.575
44020,NANTUCKET SOUND,NDBC,44085,"Buzzards Bay, MA (260)",CDIP,63.62,"[50, 100)",8285,0.632,0.751,1.178,120.3,59.3,-1,0.636
44013,"BOSTON 16 NM East of Boston, MA",NDBC,44098,"Jeffrey's Ledge, NH (160)",CDIP,64.08,"[50, 100)",8691,0.915,0.266,0.571,29.6,31.3,0,0.915
46277,"Green Beach Offshore, CA (271)",CDIP,LJPC1,"La Jolla, CA (073)",CDIP,64.2,"[50, 100)",4672,0.541,0.327,0.703,26.0,41.2,-3,0.555
46256,"Long Beach Channel, CA (215)",CDIP,46277,"Green Beach Offshore, CA (271)",CDIP,64.52,"[50, 100)",4684,0.766,0.124,0.324,1.4,20.2,-3,0.779
44018,"CAPE COD - 9 NM North of Provincetown, MA",NDBC,44098,"Jeffrey's Ledge, NH (160)",CDIP,66.39,"[50, 100)",8708,0.93,0.148,0.384,9.4,23.5,0,0.93
44065,"New York Harbor Entrance - 15 NM SE of Breezy Point , NY",NDBC,44091,"Barnegat, NJ (209)",CDIP,66.52,"[50, 100)",8747,0.934,0.142,0.349,14.3,15.3,0,0.934
46041,"CAPE ELIZABETH - 45NM NW of Aberdeen, WA",NDBC,46211,"Grays Harbor, WA (036)",CDIP,66.72,"[50, 100)",8747,0.966,0.112,0.264,9.2,12.9,-1,0.966
46258,"Mission Bay West, CA (220)",CDIP,46277,"Green Beach Offshore, CA (271)",CDIP,66.89,"[50, 100)",4685,0.783,0.207,0.465,18.8,17.3,-1,0.783
46028,"CAPE SAN MARTIN - 55NM West NW of Morro Bay, CA",NDBC,46239,"Point Sur, CA (157)",CDIP,67.09,"[50, 100)",8727,0.949,0.085,0.212,1.2,13.4,1,0.952
51205,"Pauwela, Maui, HI (187)",CDIP,51213,"Kaumalapau Southwest, Lanai, HI (239)",CDIP,67.32,"[50, 100)",1275,0.634,0.491,0.738,39.4,22.5,0,0.634
46219,"San Nicolas Island, CA (067)",CDIP,46251,"Santa Cruz Basin, CA (203)",CDIP,67.52,"[50, 100)",8748,0.814,0.446,0.736,36.4,27.8,1,0.817
45004,"EAST SUPERIOR -70 NM NE Marquette, MI",NDBC,45211,"Grand Island North, MI (268)",CDIP,67.84,"[50, 100)",2415,0.899,0.286,0.735,5.1,52.9,-1,0.903
46222,"San Pedro, CA (092)",CDIP,46277,"Green Beach Offshore, CA (271)",CDIP,68.16,"[50, 100)",4577,0.694,0.171,0.389,2.6,28.5,-3,0.709
46013,"BODEGA BAY - 48NM NW of San Francisco, CA",NDBC,46026,"SAN FRANCISCO - 18NM West of San Francisco, CA",NDBC,68.34,"[50, 100)",8736,0.957,0.117,0.26,10.3,12.2,-1,0.961
46253,"San Pedro South, CA (213)",CDIP,46275,"Red Beach Nearshore, CA (264)",CDIP,70.69,"[50, 100)",8749,0.872,0.157,0.364,12.4,19.4,-2,0.883
41110,"Masonboro Inlet, ILM2, NC (150)",CDIP,41159,"Onslow Bay Outer, NC (217)",CDIP,71.32,"[50, 100)",7820,0.877,0.333,0.607,40.0,21.9,-1,0.882
46211,"Grays Harbor, WA (036)",CDIP,46243,"Clatsop Spit, OR (162)",CDIP,71.92,"[50, 100)",8744,0.963,0.083,0.21,2.0,12.7,0,0.963
46054,"WEST SANTA BARBARA  38 NM West of Santa Barbara, CA",NDBC,46069,"SOUTH SANTA ROSA - 14 NM SW of Santa Rosa Island, CA",NDBC,72.12,"[50, 100)",8739,0.96,0.098,0.243,7.1,13.1,-1,0.962
46025,"Santa Monica Basin - 33NM WSW of Santa Monica, CA",NDBC,46222,"San Pedro, CA (092)",CDIP,72.56,"[50, 100)",8641,0.931,0.141,0.325,11.7,16.7,-2,0.939
46224,"Oceanside Offshore, CA (045)",CDIP,46235,"Imperial Beach Nearshore, CA (155)",CDIP,73.29,"[50, 100)",8747,0.828,0.176,0.391,4.5,30.1,-1,0.832
46224,"Oceanside Offshore, CA (045)",CDIP,46232,"Point Loma South, CA  (191)",CDIP,73.63,"[50, 100)",8745,0.87,0.29,0.551,33.9,20.4,-1,0.871
46243,"Clatsop Spit, OR (162)",CDIP,46278,"Tillamook Bay South Jetty, OR (270)",CDIP,73.72,"[50, 100)",3668,0.949,0.116,0.273,5.1,17.1,-1,0.954
44025,"LONG ISLAND - 30 NM South of Islip, NY",NDBC,44091,"Barnegat, NJ (209)",CDIP,74.02,"[50, 100)",8426,0.936,0.1,0.266,4.0,15.2,1,0.942
44099,"Cape Henry, VA (147)",CDIP,44100,"Duck FRF 26m, NC (430)",CDIP,74.07,"[50, 100)",8744,0.937,0.158,0.354,13.9,20.2,-1,0.939
46218,"Harvest, CA (071)",CDIP,46259,"Santa Lucia Escarpment, CA (222)",CDIP,74.27,"[50, 100)",8743,0.961,0.081,0.201,5.3,11.6,2,0.966
46053,"EAST SANTA BARBARA  - 12NM Southwest of Santa Barbara, CA",NDBC,46069,"SOUTH SANTA ROSA - 14 NM SW of Santa Rosa Island, CA",NDBC,74.5,"[50, 100)",8737,0.894,0.576,0.81,81.0,23.3,0,0.894
46215,"Diablo Canyon, CA (076)",CDIP,46259,"Santa Lucia Escarpment, CA (222)",CDIP,74.84,"[50, 100)",8688,0.925,0.379,0.548,46.8,15.3,0,0.925
46213,"Cape Mendocino, CA (094)",CDIP,46244,"Humboldt Bay, North Spit, CA (168)",CDIP,74.9,"[50, 100)",7979,0.949,0.125,0.326,10.4,16.1,0,0.949
46214,"Point Reyes, CA (029)",CDIP,46237,"San Francisco Bar, CA  (142)",CDIP,75.07,"[50, 100)",8667,0.894,0.372,0.631,31.4,21.3,-2,0.901
46012,"HALF MOON BAY - 24NM SSW of San Francisco, CA",NDBC,46042,"MONTEREY - 27NM WNW of Monterey, CA",NDBC,75.92,"[50, 100)",1317,0.946,0.073,0.182,0.2,11.4,-1,0.952
46086,"SAN CLEMENTE BASIN - 27NM SE Of San Clemente Is, CA",NDBC,46225,"Torrey Pines Outer, CA (100)",CDIP,76.41,"[50, 100)",8738,0.914,0.353,0.553,30.0,16.8,-1,0.916
46029,COLUMBIA RIVER BAR - 20NM West of Columbia River Mouth,NDBC,46278,"Tillamook Bay South Jetty, OR (270)",CDIP,76.76,"[50, 100)",2784,0.959,0.11,0.293,8.9,14.2,-2,0.971
44085,"Buzzards Bay, MA (260)",CDIP,44090,"Cape Cod Bay, MA (221)",CDIP,77.15,"[50, 100)",7752,0.354,0.797,1.407,56.1,111.1,-2,0.362
46013,"BODEGA BAY - 48NM NW of San Francisco, CA",NDBC,46237,"San Francisco Bar, CA  (142)",CDIP,77.79,"[50, 100)",8652,0.917,0.25,0.468,22.2,19.3,-2,0.923
44014,"VIRGINIA BEACH 64 NM East of Virginia Beach, VA",NDBC,44100,"Duck FRF 26m, NC (430)",CDIP,77.81,"[50, 100)",4951,0.938,0.177,0.421,15.6,18.3,1,0.938
44088,"Virginia Beach Offshore, VA (171)",CDIP,44100,"Duck FRF 26m, NC (430)",CDIP,78.15,"[50, 100)",8723,0.925,0.231,0.516,20.6,19.6,1,0.926
41013,"Frying Pan Shoals, NC",NDBC,41110,"Masonboro Inlet, ILM2, NC (150)",CDIP,78.86,"[50, 100)",7808,0.876,0.34,0.619,29.0,23.2,2,0.884
44018,"CAPE COD - 9 NM North of Provincetown, MA",NDBC,44020,NANTUCKET SOUND,NDBC,79.23,"[50, 100)",8717,0.715,0.826,1.223,58.5,59.8,3,0.742
46256,"Long Beach Channel, CA (215)",CDIP,46275,"Red Beach Nearshore, CA (264)",CDIP,79.26,"[50, 100)",8747,0.719,0.164,0.414,9.6,23.6,-3,0.741
46224,"Oceanside Offshore, CA (045)",CDIP,46253,"San Pedro South, CA (213)",CDIP,79.4,"[50, 100)",8747,0.886,0.111,0.284,1.2,18.0,2,0.901
41025,"Diamond Shoals, NC",NDBC,44095,"Oregon Inlet, NC (192)",CDIP,80.63,"[50, 100)",4942,0.893,0.176,0.407,12.7,23.8,-1,0.896
44007,"PORTLAND - 12 NM Southeast of Portland,ME",NDBC,44098,"Jeffrey's Ledge, NH (160)",CDIP,80.65,"[50, 100)",8724,0.881,0.183,0.587,16.1,28.7,1,0.882
46086,"SAN CLEMENTE BASIN - 27NM SE Of San Clemente Is, CA",NDBC,46235,"Imperial Beach Nearshore, CA (155)",CDIP,80.95,"[50, 100)",8743,0.949,0.446,0.612,36.5,15.1,-2,0.953
46248,"Astoria Canyon, OR  (179)",CDIP,46278,"Tillamook Bay South Jetty, OR (270)",CDIP,81.24,"[50, 100)",2970,0.949,0.131,0.338,11.6,15.4,-3,0.967
46025,"Santa Monica Basin - 33NM WSW of Santa Monica, CA",NDBC,46256,"Long Beach Channel, CA (215)",CDIP,81.33,"[50, 100)",8744,0.703,0.28,0.562,20.8,36.6,-1,0.705
46029,COLUMBIA RIVER BAR - 20NM West of Columbia River Mouth,NDBC,46211,"Grays Harbor, WA (036)",CDIP,81.4,"[50, 100)",7863,0.962,0.119,0.28,10.6,12.1,0,0.962
41112,"Offshore Fernandina Beach, FL (132)",CDIP,41117,"St. Augustine, FL (194)",CDIP,81.55,"[50, 100)",8751,0.933,0.137,0.335,8.3,19.6,-1,0.935
46086,"SAN CLEMENTE BASIN - 27NM SE Of San Clemente Is, CA",NDBC,46254,"SCRIPPS Nearshore, CA (201)",CDIP,82.0,"[50, 100)",8508,0.837,0.684,0.932,51.0,24.3,-2,0.843
46086,"SAN CLEMENTE BASIN - 27NM SE Of San Clemente Is, CA",NDBC,LJPC1,"La Jolla, CA (073)",CDIP,82.76,"[50, 100)",8719,0.862,0.725,0.961,53.2,25.2,-3,0.874
46012,"HALF MOON BAY - 24NM SSW of San Francisco, CA",NDBC,46214,"Point Reyes, CA (029)",CDIP,83.23,"[50, 100)",1387,0.942,0.121,0.269,12.8,11.8,2,0.954
41120,"Cape Hatteras East, NC (250)",CDIP,44086,"Nags Head, NC (243)",CDIP,83.53,"[50, 100)",8349,0.919,0.184,0.425,16.0,19.5,0,0.919
46222,"San Pedro, CA (092)",CDIP,46275,"Red Beach Nearshore, CA (264)",CDIP,83.54,"[50, 100)",8642,0.816,0.208,0.48,16.5,27.9,-2,0.83
46215,"Diablo Canyon, CA (076)",CDIP,46218,"Harvest, CA (071)",CDIP,83.93,"[50, 100)",8694,0.922,0.329,0.505,39.3,16.3,-2,0.927
44025,"LONG ISLAND - 30 NM South of Islip, NY",NDBC,44066,"Texas Tower #4 - 75 NM East of Long Beach, NJ",NDBC,84.34,"[50, 100)",6440,0.92,0.145,0.379,11.5,20.2,-1,0.922
44014,"VIRGINIA BEACH 64 NM East of Virginia Beach, VA",NDBC,44086,"Nags Head, NC (243)",CDIP,84.97,"[50, 100)",4913,0.946,0.125,0.328,8.4,18.5,1,0.948
46060,"WEST ORCA BAY - 8NM NW of Hinchinbrook Is., AK",NDBC,46081,Western Prince William Sound,NDBC,84.98,"[50, 100)",5406,0.638,1.299,1.84,78.7,198.5,2,0.642
46025,"Santa Monica Basin - 33NM WSW of Santa Monica, CA",NDBC,46253,"San Pedro South, CA (213)",CDIP,85.45,"[50, 100)",8745,0.875,0.176,0.412,15.3,19.7,-2,0.887
44088,"Virginia Beach Offshore, VA (171)",CDIP,44099,"Cape Henry, VA (147)",CDIP,85.57,"[50, 100)",8729,0.899,0.369,0.637,31.1,24.6,2,0.906
44086,"Nags Head, NC (243)",CDIP,44088,"Virginia Beach Offshore, VA (171)",CDIP,85.65,"[50, 100)",8687,0.927,0.168,0.417,17.0,19.5,-1,0.93
46235,"Imperial Beach Nearshore, CA (155)",CDIP,46275,"Red Beach Nearshore, CA (264)",CDIP,85.95,"[50, 100)",8746,0.809,0.221,0.513,17.3,32.5,1,0.813
46221,"Santa Monica Bay, CA (028)",CDIP,46251,"Santa Cruz Basin, CA (203)",CDIP,85.96,"[50, 100)",8745,0.891,0.219,0.459,24.4,17.5,3,0.908
46211,"Grays Harbor, WA (036)",CDIP,46248,"Astoria Canyon, OR  (179)",CDIP,86.05,"[50, 100)",8011,0.958,0.146,0.321,15.6,12.0,1,0.96
44014,"VIRGINIA BEACH 64 NM East of Virginia Beach, VA",NDBC,44099,"Cape Henry, VA (147)",CDIP,86.14,"[50, 100)",4958,0.913,0.292,0.56,25.4,23.4,1,0.916
46086,"SAN CLEMENTE BASIN - 27NM SE Of San Clemente Is, CA",NDBC,46266,"Del Mar Nearshore, CA (153)",CDIP,86.36,"[50, 100)",8737,0.918,0.556,0.75,43.5,18.5,-1,0.92
46232,"Point Loma South, CA  (191)",CDIP,46275,"Red Beach Nearshore, CA (264)",CDIP,86.36,"[50, 100)",8746,0.851,0.43,0.691,35.4,22.7,1,0.854
41008,"GRAYS REEF - 40 NM Southeast of Savannah, GA",NDBC,41112,"Offshore Fernandina Beach, FL (132)",CDIP,86.89,"[50, 100)",8356,0.932,0.11,0.299,1.2,17.9,-1,0.933
46011,"SANTA MARIA - 21NM NW of Point Arguello, CA",NDBC,46054,"WEST SANTA BARBARA  38 NM West of Santa Barbara, CA",NDBC,88.3,"[50, 100)",8740,0.944,0.1,0.246,4.5,14.9,-2,0.953
46025,"Santa Monica Basin - 33NM WSW of Santa Monica, CA",NDBC,46053,"EAST SANTA BARBARA  - 12NM Southwest of Santa Barbara, CA",NDBC,88.51,"[50, 100)",8738,0.841,0.195,0.464,5.3,32.1,2,0.85
46053,"EAST SANTA BARBARA  - 12NM Southwest of Santa Barbara, CA",NDBC,46218,"Harvest, CA (071)",CDIP,89.11,"[50, 100)",8737,0.848,0.605,0.855,86.7,26.0,2,0.855
46224,"Oceanside Offshore, CA (045)",CDIP,46256,"Long Beach Channel, CA (215)",CDIP,89.13,"[50, 100)",8748,0.69,0.156,0.387,4.1,25.2,3,0.713
44005,"GULF OF MAINE - 78 NM East of Portsmouth, NH",NDBC,44007,"PORTLAND - 12 NM Southeast of Portland,ME",NDBC,89.47,"[50, 100)",8724,0.854,0.274,0.71,23.8,30.1,1,0.856
44084,"Bethany Beach, DE (263)",CDIP,44089,"Wallops Island, VA (224)",CDIP,90.25,"[50, 100)",8512,0.897,0.212,0.455,23.0,18.3,-1,0.9
46087,"Neah Bay - 6 NM North of Cape Flattery, WA (Traffic Separation Lighted Buoy)",NDBC,46267,"Angeles Point, WA (248)",CDIP,90.68,"[50, 100)",5848,0.464,0.886,1.385,61.4,71.4,-3,0.484
46086,"SAN CLEMENTE BASIN - 27NM SE Of San Clemente Is, CA",NDBC,46274,"Leucadia Nearshore, CA (262)",CDIP,91.2,"[50, 100)",8682,0.91,0.587,0.768,45.4,17.9,-1,0.912
46086,"SAN CLEMENTE BASIN - 27NM SE Of San Clemente Is, CA",NDBC,46224,"Oceanside Offshore, CA (045)",CDIP,91.24,"[50, 100)",8741,0.808,0.466,0.766,37.8,25.5,0,0.808
44020,NANTUCKET SOUND,NDBC,44097,"Block Island, RI  (154)",CDIP,91.76,"[50, 100)",8740,0.736,0.992,1.333,197.0,50.4,-1,0.742
46222,"San Pedro, CA (092)",CDIP,46224,"Oceanside Offshore, CA (045)",CDIP,91.98,"[50, 100)",8640,0.835,0.156,0.364,4.0,25.8,-2,0.851
46089,"TILLAMOOK, OR - 85 NM WNW of Tillamook, OR",NDBC,46248,"Astoria Canyon, OR  (179)",CDIP,93.53,"[50, 100)",7985,0.96,0.09,0.238,4.6,13.6,-2,0.966
46232,"Point Loma South, CA  (191)",CDIP,46277,"Green Beach Offshore, CA (271)",CDIP,93.65,"[50, 100)",4682,0.746,0.268,0.556,23.7,19.8,0,0.746
46251,"Santa Cruz Basin, CA (203)",CDIP,46268,"Topanga Nearshore, CA (103)",CDIP,95.34,"[50, 100)",8744,0.829,0.592,0.873,45.7,26.1,-2,0.834
44005,"GULF OF MAINE - 78 NM East of Portsmouth, NH",NDBC,44098,"Jeffrey's Ledge, NH (160)",CDIP,95.75,"[50, 100)",8693,0.938,0.167,0.381,12.0,21.4,1,0.944
46047,"TANNER BANK - 121 NM West of San Diego, CA",NDBC,46219,"San Nicolas Island, CA (067)",CDIP,95.81,"[50, 100)",8123,0.949,0.085,0.209,2.6,13.0,2,0.959
44009,"DELAWARE BAY 26 NM Southeast of Cape May, NJ",NDBC,44089,"Wallops Island, VA (224)",CDIP,95.89,"[50, 100)",8398,0.917,0.171,0.397,14.9,18.4,2,0.923
46025,"Santa Monica Basin - 33NM WSW of Santa Monica, CA",NDBC,46219,"San Nicolas Island, CA (067)",CDIP,96.38,"[50, 100)",8746,0.777,0.596,0.904,84.9,32.5,1,0.777
46235,"Imperial Beach Nearshore, CA (155)",CDIP,46277,"Green Beach Offshore, CA (271)",CDIP,96.67,"[50, 100)",4684,0.657,0.179,0.418,2.1,29.9,0,0.657
44066,"Texas Tower #4 - 75 NM East of Long Beach, NJ",NDBC,44091,"Barnegat, NJ (209)",CDIP,97.77,"[50, 100)",6440,0.898,0.165,0.439,13.0,21.3,2,0.907
41113,"Cape Canaveral Nearshore, FL (143)",CDIP,41114,"Fort Pierce, FL (134)",CDIP,98.06,"[50, 100)",7800,0.901,0.305,0.576,34.3,28.7,1,0.903
46086,"SAN CLEMENTE BASIN - 27NM SE Of San Clemente Is, CA",NDBC,46277,"Green Beach Offshore, CA (271)",CDIP,98.75,"[50, 100)",4680,0.671,0.456,0.755,37.1,26.4,-2,0.676
46253,"San Pedro South, CA (213)",CDIP,46274,"Leucadia Nearshore, CA (262)",CDIP,98.85,"[50, 100)",8687,0.873,0.147,0.367,8.7,22.5,-3,0.891
44013,"BOSTON 16 NM East of Boston, MA",NDBC,44020,NANTUCKET SOUND,NDBC,99.19,"[50, 100)",8711,0.683,0.675,1.145,50.0,59.5,2,0.697
44087,"Thimble Shoal, VA (240)",CDIP,44100,"Duck FRF 26m, NC (430)",CDIP,99.62,"[50, 100)",7608,0.812,0.812,1.136,136.6,38.4,-3,0.828
44089,"Wallops Island, VA (224)",CDIP,44099,"Cape Henry, VA (147)",CDIP,99.88,"[50, 100)",8517,0.883,0.128,0.33,0.6,21.0,1,0.884
