label,baseline,Hs_bin_m,n,days,bias,rmse
window_mean,mean,"[0.0, 1.0)",183,14,0.8583,0.8638
window_mean,mean,"[1.0, 2.0)",1614,86,0.2247,0.3227
window_mean,mean,"[2.0, 3.0)",552,35,-0.7124,0.7512
window_mean,mean,"[3.0, 4.0)",84,8,-1.5753,1.5919
window_mean,mean,"[4.0, inf)",34,2,-3.1519,3.1867
window_mean,climatology_month,"[0.0, 1.0)",183,14,0.3703,0.4511
window_mean,climatology_month,"[1.0, 2.0)",1614,86,0.1492,0.3846
window_mean,climatology_month,"[2.0, 3.0)",552,35,-0.4113,0.5711
window_mean,climatology_month,"[3.0, 4.0)",84,8,-1.1151,1.1774
window_mean,climatology_month,"[4.0, inf)",34,2,-2.7404,2.7937
window_mean,persistence_1h,"[0.0, 1.0)",183,14,0.0004,0.0572
window_mean,persistence_1h,"[1.0, 2.0)",1614,86,0.0057,0.0968
window_mean,persistence_1h,"[2.0, 3.0)",552,35,0.0053,0.1595
window_mean,persistence_1h,"[3.0, 4.0)",84,8,0.0155,0.2481
window_mean,persistence_1h,"[4.0, inf)",34,2,-0.0415,0.3524
window_mean,persistence_3h,"[0.0, 1.0)",183,14,0.0042,0.0843
window_mean,persistence_3h,"[1.0, 2.0)",1614,86,0.0134,0.1336
window_mean,persistence_3h,"[2.0, 3.0)",552,35,0.0062,0.233
window_mean,persistence_3h,"[3.0, 4.0)",84,8,0.0239,0.3599
window_mean,persistence_3h,"[4.0, inf)",34,2,-0.1126,0.3794
window_mean,persistence_24h,"[0.0, 1.0)",183,14,0.0703,0.1513
window_mean,persistence_24h,"[1.0, 2.0)",1614,86,0.1594,0.4335
window_mean,persistence_24h,"[2.0, 3.0)",552,35,-0.1822,0.6937
window_mean,persistence_24h,"[3.0, 4.0)",84,8,-0.3763,1.0419
window_mean,persistence_24h,"[4.0, inf)",34,2,-1.7279,2.1308
window_mean,era5_raw,"[0.0, 1.0)",183,14,0.4688,0.4797
window_mean,era5_raw,"[1.0, 2.0)",1614,86,0.5553,0.6036
window_mean,era5_raw,"[2.0, 3.0)",552,35,0.303,0.4056
window_mean,era5_raw,"[3.0, 4.0)",84,8,-0.0582,0.3775
window_mean,era5_raw,"[4.0, inf)",34,2,-0.4587,0.5546
window_mean,era5_linear,"[0.0, 1.0)",183,14,-0.0124,0.1054
window_mean,era5_linear,"[1.0, 2.0)",1614,86,0.0943,0.2615
window_mean,era5_linear,"[2.0, 3.0)",552,35,-0.139,0.3075
window_mean,era5_linear,"[3.0, 4.0)",84,8,-0.4861,0.6187
window_mean,era5_linear,"[4.0, inf)",34,2,-0.8537,0.9135
window_mean,ridge_whitewater,"[0.0, 1.0)",183,14,0.8114,0.8229
window_mean,ridge_whitewater,"[1.0, 2.0)",1614,86,0.2224,0.3553
window_mean,ridge_whitewater,"[2.0, 3.0)",552,35,-0.6883,0.7422
window_mean,ridge_whitewater,"[3.0, 4.0)",84,8,-1.5099,1.5359
window_mean,ridge_whitewater,"[4.0, inf)",34,2,-2.8065,2.8769
window_mean,ridge_blocks,"[0.0, 1.0)",183,14,0.3008,0.3884
window_mean,ridge_blocks,"[1.0, 2.0)",1614,86,0.0102,0.3069
window_mean,ridge_blocks,"[2.0, 3.0)",552,35,-0.1805,0.4585
window_mean,ridge_blocks,"[3.0, 4.0)",84,8,-0.3926,0.6646
window_mean,ridge_blocks,"[4.0, inf)",34,2,-1.1467,1.376
window_mean,era5_linear+ridge_blocks,"[0.0, 1.0)",183,14,-0.0223,0.1439
window_mean,era5_linear+ridge_blocks,"[1.0, 2.0)",1614,86,0.0485,0.2362
window_mean,era5_linear+ridge_blocks,"[2.0, 3.0)",552,35,-0.0524,0.2681
window_mean,era5_linear+ridge_blocks,"[3.0, 4.0)",84,8,-0.2158,0.4863
window_mean,era5_linear+ridge_blocks,"[4.0, inf)",34,2,-0.5335,0.6658
window_mean,label_rule_difference,"[0.0, 1.0)",183,14,0.0032,0.0212
window_mean,label_rule_difference,"[1.0, 2.0)",1614,86,-0.0016,0.0438
window_mean,label_rule_difference,"[2.0, 3.0)",552,35,-0.0075,0.0838
window_mean,label_rule_difference,"[3.0, 4.0)",84,8,-0.0437,0.1371
window_mean,label_rule_difference,"[4.0, inf)",34,2,0.0056,0.1744
nearest,mean,"[0.0, 1.0)",184,16,0.8562,0.8615
nearest,mean,"[1.0, 2.0)",1619,89,0.2242,0.3245
nearest,mean,"[2.0, 3.0)",562,36,-0.7258,0.7675
nearest,mean,"[3.0, 4.0)",68,8,-1.6159,1.6282
nearest,mean,"[4.0, inf)",34,2,-3.1581,3.2025
nearest,climatology_month,"[0.0, 1.0)",184,16,0.3636,0.4402
nearest,climatology_month,"[1.0, 2.0)",1619,89,0.1512,0.3899
nearest,climatology_month,"[2.0, 3.0)",562,36,-0.4308,0.6012
nearest,climatology_month,"[3.0, 4.0)",68,8,-1.0694,1.1172
nearest,climatology_month,"[4.0, inf)",34,2,-2.7492,2.814
nearest,persistence_1h,"[0.0, 1.0)",184,16,0.006,0.0663
nearest,persistence_1h,"[1.0, 2.0)",1619,89,0.0088,0.1116
nearest,persistence_1h,"[2.0, 3.0)",562,36,0.0101,0.1886
nearest,persistence_1h,"[3.0, 4.0)",68,8,0.0335,0.2915
nearest,persistence_1h,"[4.0, inf)",34,2,-0.0471,0.4071
nearest,persistence_3h,"[0.0, 1.0)",184,16,0.0078,0.0903
nearest,persistence_3h,"[1.0, 2.0)",1619,89,0.0186,0.1451
nearest,persistence_3h,"[2.0, 3.0)",562,36,0.0054,0.2523
nearest,persistence_3h,"[3.0, 4.0)",68,8,0.0441,0.4188
nearest,persistence_3h,"[4.0, inf)",34,2,-0.1182,0.4293
nearest,persistence_24h,"[0.0, 1.0)",184,16,0.075,0.157
nearest,persistence_24h,"[1.0, 2.0)",1619,89,0.1606,0.4409
nearest,persistence_24h,"[2.0, 3.0)",562,36,-0.1906,0.7049
nearest,persistence_24h,"[3.0, 4.0)",68,8,-0.2778,1.0916
nearest,persistence_24h,"[4.0, inf)",34,2,-1.7335,2.1712
nearest,era5_raw,"[0.0, 1.0)",184,16,0.4717,0.4847
nearest,era5_raw,"[1.0, 2.0)",1619,89,0.5558,0.605
nearest,era5_raw,"[2.0, 3.0)",562,36,0.2999,0.4144
nearest,era5_raw,"[3.0, 4.0)",68,8,-0.0137,0.3636
nearest,era5_raw,"[4.0, inf)",34,2,-0.4642,0.5517
nearest,era5_linear,"[0.0, 1.0)",184,16,-0.009,0.115
nearest,era5_linear,"[1.0, 2.0)",1619,89,0.0944,0.2633
nearest,era5_linear,"[2.0, 3.0)",562,36,-0.1429,0.3234
nearest,era5_linear,"[3.0, 4.0)",68,8,-0.441,0.5775
nearest,era5_linear,"[4.0, inf)",34,2,-0.8622,0.9157
nearest,ridge_whitewater,"[0.0, 1.0)",184,16,0.8116,0.823
nearest,ridge_whitewater,"[1.0, 2.0)",1619,89,0.2218,0.3571
nearest,ridge_whitewater,"[2.0, 3.0)",562,36,-0.6998,0.7551
nearest,ridge_whitewater,"[3.0, 4.0)",68,8,-1.5586,1.5774
nearest,ridge_whitewater,"[4.0, inf)",34,2,-2.8154,2.8879
nearest,ridge_blocks,"[0.0, 1.0)",184,16,0.2991,0.3921
nearest,ridge_blocks,"[1.0, 2.0)",1619,89,0.0123,0.31
nearest,ridge_blocks,"[2.0, 3.0)",562,36,-0.1797,0.4635
nearest,ridge_blocks,"[3.0, 4.0)",68,8,-0.3904,0.6419
nearest,ridge_blocks,"[4.0, inf)",34,2,-1.1582,1.4072
nearest,era5_linear+ridge_blocks,"[0.0, 1.0)",184,16,-0.0166,0.1557
nearest,era5_linear+ridge_blocks,"[1.0, 2.0)",1619,89,0.0488,0.2377
nearest,era5_linear+ridge_blocks,"[2.0, 3.0)",562,36,-0.0495,0.2842
nearest,era5_linear+ridge_blocks,"[3.0, 4.0)",68,8,-0.1901,0.4694
nearest,era5_linear+ridge_blocks,"[4.0, inf)",34,2,-0.5464,0.6637
