protocol,label,candidate,reference,n,rmse_difference,lo,hi
day,window_mean,era5_linear+ridge_blocks,era5_linear,2467,-0.0408,-0.0636,-0.0173
day,window_mean,ridge_blocks,era5_linear,2467,0.0992,0.0417,0.165
day,window_mean,ridge_blocks,climatology_month,2467,-0.1816,-0.2846,-0.0857
day,window_mean,era5_linear,climatology_month,2467,-0.2807,-0.423,-0.1703
day,nearest,era5_linear+ridge_blocks,era5_linear,2467,-0.0383,-0.0606,-0.0157
day,nearest,ridge_blocks,era5_linear,2467,0.1009,0.0435,0.166
day,nearest,ridge_blocks,climatology_month,2467,-0.1805,-0.2814,-0.0866
day,nearest,era5_linear,climatology_month,2467,-0.2814,-0.4259,-0.1688
week,window_mean,era5_linear+ridge_blocks,era5_linear,2536,-0.0282,-0.0446,-0.0108
week,window_mean,ridge_blocks,era5_linear,2536,0.0985,0.0415,0.1524
week,window_mean,ridge_blocks,climatology_month,2536,-0.2485,-0.3401,-0.1481
week,window_mean,era5_linear,climatology_month,2536,-0.347,-0.4742,-0.2184
week,nearest,era5_linear+ridge_blocks,era5_linear,2536,-0.026,-0.042,-0.0092
week,nearest,ridge_blocks,era5_linear,2536,0.0971,0.0425,0.1485
week,nearest,ridge_blocks,climatology_month,2536,-0.2451,-0.3355,-0.1457
week,nearest,era5_linear,climatology_month,2536,-0.3422,-0.4668,-0.2158
year,window_mean,era5_linear+ridge_blocks,era5_linear,1930,0.0121,-0.0044,0.0274
year,window_mean,ridge_blocks,era5_linear,1930,0.1274,0.0865,0.1662
year,window_mean,ridge_blocks,climatology_month,1930,-0.0295,-0.0757,0.0146
year,window_mean,era5_linear,climatology_month,1930,-0.1569,-0.2205,-0.0925
year,nearest,era5_linear+ridge_blocks,era5_linear,1930,0.0118,-0.0063,0.0287
year,nearest,ridge_blocks,era5_linear,1930,0.1246,0.0842,0.1623
year,nearest,ridge_blocks,climatology_month,1930,-0.029,-0.078,0.0166
year,nearest,era5_linear,climatology_month,1930,-0.1536,-0.2175,-0.0896
