protocol,label,baseline,n,days,bias,mae,rmse,scatter_index,r2,pearson,rmse_lo,rmse_hi,r2_lo,r2_hi
day,window_mean,mean,2467,120,-0.0458,0.4899,0.6899,0.3899,-0.0044,,0.5437,0.8611,-0.0529,-0.0
day,window_mean,climatology_month,2467,120,-0.0427,0.4098,0.5828,0.3292,0.2832,0.5421,0.4517,0.7389,0.1409,0.4093
day,window_mean,persistence_1h,2467,120,0.0049,0.0908,0.126,0.0713,0.9665,0.9834,0.1106,0.1412,0.9523,0.9753
day,window_mean,persistence_3h,2467,120,0.0097,0.1236,0.1753,0.0992,0.9351,0.9681,0.1517,0.1994,0.9059,0.9538
day,window_mean,persistence_24h,2467,120,0.0321,0.3969,0.5761,0.3258,0.2997,0.6485,0.461,0.6994,0.055,0.4642
day,window_mean,era5_raw,2467,120,0.4576,0.4906,0.5489,0.1718,0.3641,0.8988,0.5025,0.5954,-0.0738,0.603
day,window_mean,era5_linear,2467,120,0.0013,0.2167,0.302,0.1711,0.8075,0.8988,0.251,0.3502,0.7042,0.8727
day,window_mean,ridge_whitewater,2467,120,-0.0384,0.4812,0.6712,0.3796,0.0493,0.2322,0.5486,0.8181,-0.0524,0.1111
day,window_mean,ridge_blocks,2467,120,-0.0406,0.295,0.4012,0.2261,0.6603,0.8162,0.3523,0.4594,0.5451,0.7237
day,window_mean,era5_linear+ridge_blocks,2467,120,0.0036,0.1956,0.2613,0.148,0.8559,0.9261,0.2278,0.2964,0.7792,0.9054
day,window_mean,label_rule_difference,2467,120,-0.0039,0.0429,0.0626,0.0354,0.9917,0.9959,0.0538,0.0715,0.9883,0.9939
day,nearest,mean,2467,120,-0.0424,0.4891,0.6878,0.3897,-0.0038,,0.5417,0.8599,-0.0502,-0.0
day,nearest,climatology_month,2467,120,-0.0392,0.4104,0.5832,0.3303,0.2783,0.5377,0.4539,0.7413,0.138,0.4064
day,nearest,persistence_1h,2467,120,0.0088,0.1044,0.1457,0.0826,0.9549,0.9778,0.1274,0.163,0.9353,0.9661
day,nearest,persistence_3h,2467,120,0.0136,0.1331,0.1905,0.1079,0.923,0.9623,0.1631,0.2173,0.8875,0.945
day,nearest,persistence_24h,2467,120,0.036,0.4014,0.5835,0.3306,0.2776,0.6387,0.4682,0.7088,0.0271,0.4414
day,nearest,era5_raw,2467,120,0.4615,0.4929,0.552,0.1719,0.3535,0.8984,0.5067,0.5978,-0.0863,0.5979
day,nearest,era5_linear,2467,120,0.0047,0.219,0.3018,0.1713,0.8068,0.8984,0.2521,0.3479,0.7034,0.8693
day,nearest,ridge_whitewater,2467,120,-0.0351,0.4805,0.6691,0.3793,0.0501,0.2325,0.5491,0.8134,-0.0555,0.112
day,nearest,ridge_blocks,2467,120,-0.0373,0.2962,0.4026,0.2276,0.656,0.8134,0.3528,0.4652,0.5409,0.7191
day,nearest,era5_linear+ridge_blocks,2467,120,0.0067,0.1991,0.2635,0.1495,0.8527,0.9245,0.2313,0.2953,0.7729,0.9035
week,window_mean,mean,2536,121,-0.07,0.5243,0.7763,0.433,-0.0082,,0.6013,0.9442,-0.0582,-0.0
week,window_mean,climatology_month,2536,121,-0.0835,0.47,0.678,0.3768,0.2308,0.4926,0.5327,0.821,0.1038,0.3257
week,window_mean,persistence_1h,2536,121,-0.0008,0.0931,0.1388,0.0778,0.9678,0.984,0.1172,0.1608,0.9577,0.9729
week,window_mean,persistence_3h,2536,121,-0.0053,0.1316,0.2006,0.1123,0.9327,0.9664,0.1603,0.2441,0.9107,0.9495
week,window_mean,persistence_24h,2536,121,0.0413,0.4061,0.6318,0.3531,0.3322,0.6853,0.492,0.7531,-0.0027,0.5332
week,window_mean,era5_raw,2536,121,0.4247,0.4578,0.5368,0.1839,0.5179,0.9054,0.4842,0.5924,0.1634,0.684
week,window_mean,era5_linear,2536,121,-0.0377,0.248,0.3311,0.1842,0.8166,0.9054,0.2803,0.3827,0.7103,0.8723
week,window_mean,ridge_whitewater,2536,121,-0.0769,0.5125,0.757,0.4218,0.0412,0.2326,0.591,0.9167,-0.0136,0.0649
week,window_mean,ridge_blocks,2536,121,-0.0512,0.3211,0.4296,0.2389,0.6912,0.8345,0.3767,0.4937,0.585,0.7374
week,window_mean,era5_linear+ridge_blocks,2536,121,-0.0392,0.2319,0.3029,0.1682,0.8465,0.9264,0.2625,0.3428,0.757,0.8941
week,window_mean,label_rule_difference,2536,121,-0.002,0.0454,0.069,0.0386,0.992,0.996,0.0585,0.0803,0.9897,0.9933
week,nearest,mean,2536,121,-0.0688,0.5237,0.7739,0.4322,-0.008,,0.601,0.9417,-0.0576,-0.0
week,nearest,climatology_month,2536,121,-0.0824,0.4695,0.6776,0.3771,0.2273,0.4889,0.5338,0.8185,0.1,0.3198
week,nearest,persistence_1h,2536,121,0.0012,0.1069,0.157,0.088,0.9585,0.9795,0.133,0.1812,0.946,0.9651
week,nearest,persistence_3h,2536,121,-0.0033,0.1419,0.2165,0.1214,0.9211,0.9608,0.1744,0.2621,0.8972,0.94
week,nearest,persistence_24h,2536,121,0.0433,0.4098,0.6365,0.3561,0.3181,0.6799,0.4983,0.7566,-0.0186,0.518
week,nearest,era5_raw,2536,121,0.4267,0.4634,0.5409,0.1864,0.5076,0.9022,0.4905,0.5956,0.1582,0.6746
week,nearest,era5_linear,2536,121,-0.0366,0.2515,0.3353,0.1869,0.8107,0.9022,0.2863,0.3859,0.7041,0.8667
week,nearest,ridge_whitewater,2536,121,-0.0758,0.5122,0.7557,0.4216,0.0388,0.2251,0.5935,0.913,-0.0162,0.0626
week,nearest,ridge_blocks,2536,121,-0.05,0.3224,0.4325,0.2409,0.6852,0.8306,0.3806,0.4966,0.5773,0.7341
week,nearest,era5_linear+ridge_blocks,2536,121,-0.0383,0.2372,0.3094,0.1721,0.8389,0.9227,0.2688,0.3492,0.7498,0.8862
year,window_mean,mean,1930,91,0.4234,0.6734,0.7559,0.4629,-0.4572,,0.6722,0.8447,-1.4081,-0.144
year,window_mean,climatology_month,1930,91,0.1461,0.2982,0.3896,0.267,0.6129,0.8338,0.3209,0.4686,0.3948,0.7034
year,window_mean,persistence_1h,1930,91,-0.0014,0.0651,0.0942,0.0696,0.9774,0.9888,0.0799,0.1091,0.9656,0.9823
year,window_mean,persistence_3h,1930,91,-0.0045,0.095,0.1314,0.0971,0.956,0.9782,0.1138,0.1497,0.9249,0.9679
year,window_mean,persistence_24h,1930,91,-0.0168,0.2381,0.3894,0.2875,0.6134,0.8018,0.2617,0.5053,0.2608,0.8134
year,window_mean,era5_raw,1930,91,0.4016,0.411,0.4546,0.1575,0.4729,0.9405,0.4191,0.4898,-0.0816,0.671
year,window_mean,era5_linear,1930,91,-0.0859,0.1806,0.2327,0.1599,0.8619,0.9405,0.2024,0.2626,0.7432,0.9038
year,window_mean,ridge_whitewater,1930,91,0.3994,0.6386,0.7234,0.4458,-0.3343,0.3026,0.6428,0.8083,-1.1984,-0.0432
year,window_mean,ridge_blocks,1930,91,0.1009,0.2803,0.3601,0.2555,0.6693,0.8346,0.3238,0.4006,0.4406,0.7458
year,window_mean,era5_linear+ridge_blocks,1930,91,-0.1044,0.1949,0.2449,0.1637,0.8471,0.9456,0.2173,0.2713,0.6967,0.901
year,window_mean,label_rule_difference,1930,91,0.0012,0.0323,0.0507,0.0375,0.9934,0.9967,0.0405,0.0608,0.9907,0.9948
year,nearest,mean,1930,91,0.4209,0.6715,0.7566,0.4643,-0.4482,,0.6709,0.8486,-1.3869,-0.1379
year,nearest,climatology_month,1930,91,0.1447,0.3002,0.3931,0.2699,0.6091,0.8312,0.3242,0.4752,0.3914,0.6992
year,nearest,persistence_1h,1930,91,-0.0027,0.0771,0.1123,0.0829,0.9681,0.9841,0.0939,0.1324,0.9498,0.977
year,nearest,persistence_3h,1930,91,-0.0057,0.1031,0.1449,0.1069,0.9469,0.9735,0.1245,0.1676,0.9117,0.9604
year,nearest,persistence_24h,1930,91,-0.018,0.2408,0.3912,0.2886,0.6129,0.8009,0.2635,0.5078,0.2662,0.8118
year,nearest,era5_raw,1930,91,0.4004,0.413,0.4568,0.1623,0.4721,0.937,0.4225,0.4912,-0.0901,0.6705
year,nearest,era5_linear,1930,91,-0.0878,0.1839,0.2395,0.1646,0.8549,0.937,0.2074,0.2714,0.7313,0.8974
year,nearest,ridge_whitewater,1930,91,0.397,0.6371,0.7244,0.4474,-0.3276,0.3,0.6426,0.8117,-1.1733,-0.0444
year,nearest,ridge_blocks,1930,91,0.0968,0.2833,0.3641,0.2592,0.6647,0.8305,0.3265,0.4062,0.4334,0.7412
year,nearest,era5_linear+ridge_blocks,1930,91,-0.0994,0.1982,0.2513,0.1704,0.8402,0.941,0.223,0.2793,0.6875,0.8942
